wav_filename,transcript,duration
/home/jovyan/repos/asr_final_project/an4/train/an4/wav/an1-mblw-b.wav,X I SIXTY ONE,1.5
/home/jovyan/repos/asr_final_project/an4/train/an4/wav/an10-fjmd-b.wav,G TWO EIGHTY NINE,1.6
/home/jovyan/repos/asr_final_project/an4/train/an4/wav/an100-mskh-b.wav,YES,0.8
/home/jovyan/repos/asr_final_project/an4/train/an4/wav/an101-mrcb-b.wav,R E W Y EIGHT FIVE SIX,3.5
/home/jovyan/repos/asr_final_project/an4/train/an4/wav/an102-mrcb-b.wav,NO,0.8
/home/jovyan/repos/asr_final_project/an4/train/an4/wav/an103-mrcb-b.wav,ERASE G H X W FIVE ZERO FOUR EIGHT TWO,4.1
/home/jovyan/repos/asr_final_project/an4/train/an4/wav/an104-mrcb-b.wav,START,1.0
/home/jovyan/repos/asr_final_project/an4/train/an4/wav/an105-mrcb-b.wav,ENTER EIGHT FOUR,1.5
/home/jovyan/repos/asr_final_project/an4/train/an4/wav/an106-mdxn-b.wav,ENTER ZERO,1.8
/home/jovyan/repos/asr_final_project/an4/train/an4/wav/an107-mdxn-b.wav,T V A H FIFTY TWO FIFTY THREE,2.9
/home/jovyan/repos/asr_final_project/an4/train/an4/wav/an108-mdxn-b.wav,ENTER FORTY ONE,1.7
/home/jovyan/repos/asr_final_project/an4/train/an4/wav/an109-mdxn-b.wav,B V I Q G EIGHTY SIX,2.7
/home/jovyan/repos/asr_final_project/an4/train/an4/wav/an110-mdxn-b.wav,ENTER SIXTY TWO THIRTY ONE,2.1
/home/jovyan/repos/asr_final_project/an4/train/an4/wav/an111-mdcs2-b.wav,P U X P I FIVE,2.0
/home/jovyan/repos/asr_final_project/an4/train/an4/wav/an112-mdcs2-b.wav,F Y Z O TWO TWO TWO,2.7
/home/jovyan/repos/asr_final_project/an4/train/an4/wav/an113-mdcs2-b.wav,RUBOUT H A X X N SIX SEVEN NINE ONE,4.8
/home/jovyan/repos/asr_final_project/an4/train/an4/wav/an114-mdcs2-b.wav,L R L Y U SEVEN THREE,3.0
/home/jovyan/repos/asr_final_project/an4/train/an4/wav/an115-mdcs2-b.wav,RUBOUT O K T L E TWO EIGHT ONE,3.3
/home/jovyan/repos/asr_final_project/an4/train/an4/wav/an116-fmjc-b.wav,O A M J ONE FIVE THREE,2.3
/home/jovyan/repos/asr_final_project/an4/train/an4/wav/an117-fmjc-b.wav,RUBOUT M N Z L THREE SEVEN SEVEN,3.2
/home/jovyan/repos/asr_final_project/an4/train/an4/wav/an118-fmjc-b.wav,RUBOUT J L Y Z TWO,2.5
/home/jovyan/repos/asr_final_project/an4/train/an4/wav/an119-fmjc-b.wav,ENTER THIRTY FIVE,4.1
/home/jovyan/repos/asr_final_project/an4/train/an4/wav/an120-fmjc-b.wav,RUBOUT Y Y F X ZERO,2.3
/home/jovyan/repos/asr_final_project/an4/train/an4/wav/an121-fjdn-b.wav,HELP,0.7
/home/jovyan/repos/asr_final_project/an4/train/an4/wav/an122-fjdn-b.wav,ENTER EIGHT TWO FOUR TWO,1.6
/home/jovyan/repos/asr_final_project/an4/train/an4/wav/an123-fjdn-b.wav,ENTER FIFTY FOUR,1.3
/home/jovyan/repos/asr_final_project/an4/train/an4/wav/an124-fjdn-b.wav,RUBOUT O Q I M I THIRTY TWO,2.7
/home/jovyan/repos/asr_final_project/an4/train/an4/wav/an125-fjdn-b.wav,ENTER FIFTEEN,1.1
/home/jovyan/repos/asr_final_project/an4/train/an4/wav/an126-mcen-b.wav,START,0.9
/home/jovyan/repos/asr_final_project/an4/train/an4/wav/an127-mcen-b.wav,REPEAT,1.0
/home/jovyan/repos/asr_final_project/an4/train/an4/wav/an128-mcen-b.wav,RUBOUT I T D K M FOUR SEVENTY ONE,4.0
/home/jovyan/repos/asr_final_project/an4/train/an4/wav/an129-mcen-b.wav,ENTER SIXTY,1.5
/home/jovyan/repos/asr_final_project/an4/train/an4/wav/an130-mcen-b.wav,HELP,0.7
/home/jovyan/repos/asr_final_project/an4/train/an4/wav/an131-fkdo-b.wav,RUBOUT W L F X Y SEVEN OH SIX NINE,6.0
/home/jovyan/repos/asr_final_project/an4/train/an4/wav/an132-fkdo-b.wav,GO,1.6
/home/jovyan/repos/asr_final_project/an4/train/an4/wav/an133-fkdo-b.wav,REPEAT,1.1
/home/jovyan/repos/asr_final_project/an4/train/an4/wav/an134-fkdo-b.wav,STOP,1.3
/home/jovyan/repos/asr_final_project/an4/train/an4/wav/an135-fkdo-b.wav,RUBOUT U T F F EIGHT,2.8
/home/jovyan/repos/asr_final_project/an4/train/an4/wav/an136-meab-b.wav,ERASE W E S F TWENTY FOUR OH THREE,4.3
/home/jovyan/repos/asr_final_project/an4/train/an4/wav/an137-meab-b.wav,RUBOUT G U K E V NINE,4.2
/home/jovyan/repos/asr_final_project/an4/train/an4/wav/an138-meab-b.wav,J Z A P SEVENTEEN,2.9
/home/jovyan/repos/asr_final_project/an4/train/an4/wav/an139-meab-b.wav,ENTER EIGHT THIRTY TWO,2.3
/home/jovyan/repos/asr_final_project/an4/train/an4/wav/an140-meab-b.wav,RUBOUT R E F V S ONE FIVE THREE THREE,5.8
/home/jovyan/repos/asr_final_project/an4/train/an4/wav/an141-mcrt-b.wav,NO,0.9
/home/jovyan/repos/asr_final_project/an4/train/an4/wav/an142-mcrt-b.wav,ENTER NINETY FOUR,2.0
/home/jovyan/repos/asr_final_project/an4/train/an4/wav/an143-mcrt-b.wav,HELP,1.1
/home/jovyan/repos/asr_final_project/an4/train/an4/wav/an144-mcrt-b.wav,RUBOUT F B M J SEVEN TEN,4.0
/home/jovyan/repos/asr_final_project/an4/train/an4/wav/an145-mcrt-b.wav,ENTER SIX,1.9
/home/jovyan/repos/asr_final_project/an4/train/an4/wav/an147-fclc-b.wav,Q E E A SIX,2.9
/home/jovyan/repos/asr_final_project/an4/train/an4/wav/an148-fclc-b.wav,ERASE O J T K S THIRTY FIVE,4.0
/home/jovyan/repos/asr_final_project/an4/train/an4/wav/an149-fclc-b.wav,ENTER NINE EIGHTY NINE,2.3
/home/jovyan/repos/asr_final_project/an4/train/an4/wav/an150-fclc-b.wav,ERASE C K C W FOURTEEN EIGHTY FIVE,4.3
/home/jovyan/repos/asr_final_project/an4/train/an4/wav/an151-mwhw-b.wav,H A H L E FOUR NINETY ONE,3.1
/home/jovyan/repos/asr_final_project/an4/train/an4/wav/an152-mwhw-b.wav,START,1.0
/home/jovyan/repos/asr_final_project/an4/train/an4/wav/an153-mwhw-b.wav,Y D N E D FORTY SEVEN,2.9
/home/jovyan/repos/asr_final_project/an4/train/an4/wav/an154-mwhw-b.wav,RUBOUT P O O B EIGHT,2.9
/home/jovyan/repos/asr_final_project/an4/train/an4/wav/an155-mwhw-b.wav,ENTER SIXTY,1.4
/home/jovyan/repos/asr_final_project/an4/train/an4/wav/an156-mjes-b.wav,ERASE Q K X Y U ONE SIXTY TWO,3.2
/home/jovyan/repos/asr_final_project/an4/train/an4/wav/an157-mjes-b.wav,ENTER THIRTY SEVEN,1.3
/home/jovyan/repos/asr_final_project/an4/train/an4/wav/an158-mjes-b.wav,RUBOUT V E W Z SEVEN SEVENTY TWO,3.4
/home/jovyan/repos/asr_final_project/an4/train/an4/wav/an159-mjes-b.wav,STOP,0.8
/home/jovyan/repos/asr_final_project/an4/train/an4/wav/an16-mjdr-b.wav,E M B Z SIX EIGHT SIX,2.7
/home/jovyan/repos/asr_final_project/an4/train/an4/wav/an160-mjes-b.wav,J C H E Q FIFTY EIGHT THOUSAND NINE THIRTY NINE,3.8
/home/jovyan/repos/asr_final_project/an4/train/an4/wav/an161-mfaa-b.wav,H P D F T SIXTY THREE,2.6
/home/jovyan/repos/asr_final_project/an4/train/an4/wav/an165-mfaa-b.wav,Y F J K TWO EIGHT,2.8
/home/jovyan/repos/asr_final_project/an4/train/an4/wav/an166-fsrb-b.wav,A A I L ZERO,2.5
/home/jovyan/repos/asr_final_project/an4/train/an4/wav/an167-fsrb-b.wav,ENTER FORTY SEVEN FORTY SEVEN,2.6
/home/jovyan/repos/asr_final_project/an4/train/an4/wav/an168-fsrb-b.wav,RUBOUT L D R W TWENTY SIX,3.5
/home/jovyan/repos/asr_final_project/an4/train/an4/wav/an169-fsrb-b.wav,ENTER SIXTY ONE,1.6
/home/jovyan/repos/asr_final_project/an4/train/an4/wav/an170-fsrb-b.wav,ENTER FOUR FIFTY SIX,2.5
/home/jovyan/repos/asr_final_project/an4/train/an4/wav/an171-mjda-b.wav,RUBOUT U G A M THIRTY NINE,3.7
/home/jovyan/repos/asr_final_project/an4/train/an4/wav/an172-mjda-b.wav,ENTER EIGHT SEVENTY ONE,2.2
/home/jovyan/repos/asr_final_project/an4/train/an4/wav/an173-mjda-b.wav,RUBOUT C T L E SEVENTY SIX TWELVE,3.1
/home/jovyan/repos/asr_final_project/an4/train/an4/wav/an175-mjda-b.wav,HELP,0.8
/home/jovyan/repos/asr_final_project/an4/train/an4/wav/an177-mjjs2-b.wav,START,1.3
/home/jovyan/repos/asr_final_project/an4/train/an4/wav/an178-mjjs2-b.wav,NO,0.8
/home/jovyan/repos/asr_final_project/an4/train/an4/wav/an179-mjjs2-b.wav,ERASE Q E J Q T SEVENTY SEVEN,5.1
/home/jovyan/repos/asr_final_project/an4/train/an4/wav/an180-mjjs2-b.wav,YES,1.0
/home/jovyan/repos/asr_final_project/an4/train/an4/wav/an181-fnsv-b.wav,A V M U FOUR FORTY TWO,3.3
/home/jovyan/repos/asr_final_project/an4/train/an4/wav/an182-fnsv-b.wav,REPEAT,1.3
/home/jovyan/repos/asr_final_project/an4/train/an4/wav/an183-fnsv-b.wav,O L K F FIVE FORTY FIVE,3.6
/home/jovyan/repos/asr_final_project/an4/train/an4/wav/an184-fnsv-b.wav,NO,0.9
/home/jovyan/repos/asr_final_project/an4/train/an4/wav/an185-fnsv-b.wav,HELP,1.0
/home/jovyan/repos/asr_final_project/an4/train/an4/wav/an186-mkem-b.wav,ERASE V R F O FIVE,3.2
/home/jovyan/repos/asr_final_project/an4/train/an4/wav/an187-mkem-b.wav,ENTER ONE THIRTY ONE,1.7
/home/jovyan/repos/asr_final_project/an4/train/an4/wav/an188-mkem-b.wav,U S I Q N SEVENTY ONE,2.5
/home/jovyan/repos/asr_final_project/an4/train/an4/wav/an189-mkem-b.wav,STOP,1.0
/home/jovyan/repos/asr_final_project/an4/train/an4/wav/an19-mjdr-b.wav,RUBOUT O H G P D TWO NINE SEVEN SIX,4.1
/home/jovyan/repos/asr_final_project/an4/train/an4/wav/an190-mkem-b.wav,RUBOUT U J M K NINE,2.7
/home/jovyan/repos/asr_final_project/an4/train/an4/wav/an191-fmjd-b.wav,NO,0.9
/home/jovyan/repos/asr_final_project/an4/train/an4/wav/an192-fmjd-b.wav,ERASE E O A C U THREE,4.2
/home/jovyan/repos/asr_final_project/an4/train/an4/wav/an193-fmjd-b.wav,ERASE Y B E J Q FIVE OH SEVEN,4.3
/home/jovyan/repos/asr_final_project/an4/train/an4/wav/an194-fmjd-b.wav,P T Q D Q ONE,2.7
/home/jovyan/repos/asr_final_project/an4/train/an4/wav/an195-fmjd-b.wav,I D M H SEVEN EIGHT FIVE,3.2
/home/jovyan/repos/asr_final_project/an4/train/an4/wav/an196-mgah-b.wav,ENTER SEVENTY ONE,2.0
/home/jovyan/repos/asr_final_project/an4/train/an4/wav/an197-mgah-b.wav,ENTER FOUR TWENTY ONE,2.1
/home/jovyan/repos/asr_final_project/an4/train/an4/wav/an198-mgah-b.wav,ENTER ONE NINETY SIX,2.4
/home/jovyan/repos/asr_final_project/an4/train/an4/wav/an199-mgah-b.wav,NO,1.0
/home/jovyan/repos/asr_final_project/an4/train/an4/wav/an20-mjdr-b.wav,A T T G K EIGHTY FOUR,2.9
/home/jovyan/repos/asr_final_project/an4/train/an4/wav/an200-mgah-b.wav,START,1.0
/home/jovyan/repos/asr_final_project/an4/train/an4/wav/an201-mcel-b.wav,STOP,1.1
/home/jovyan/repos/asr_final_project/an4/train/an4/wav/an203-mcel-b.wav,ENTER EIGHT ONE NINE SIX,2.5
/home/jovyan/repos/asr_final_project/an4/train/an4/wav/an204-mcel-b.wav,START,1.0
/home/jovyan/repos/asr_final_project/an4/train/an4/wav/an205-mcel-b.wav,RUBOUT F Y N P NINETY SEVEN,3.6
/home/jovyan/repos/asr_final_project/an4/train/an4/wav/an206-mdmc-b.wav,RUBOUT Z O T F TWO,3.3
/home/jovyan/repos/asr_final_project/an4/train/an4/wav/an207-mdmc-b.wav,RUBOUT H F D W Q SIX TWO TWO,4.6
/home/jovyan/repos/asr_final_project/an4/train/an4/wav/an208-mdmc-b.wav,RUBOUT N B A K NINETY SIX,3.8
/home/jovyan/repos/asr_final_project/an4/train/an4/wav/an209-mdmc-b.wav,R G C S SEVEN SIXTY SEVEN,3.1
/home/jovyan/repos/asr_final_project/an4/train/an4/wav/an21-flrp-b.wav,S Z K W W TWO THIRTY SEVEN,4.1
/home/jovyan/repos/asr_final_project/an4/train/an4/wav/an210-mdmc-b.wav,RUBOUT Z G D R G NINE NINE FOUR SIX,5.1
/home/jovyan/repos/asr_final_project/an4/train/an4/wav/an211-ftmj-b.wav,ENTER SIXTY SIX,2.1
/home/jovyan/repos/asr_final_project/an4/train/an4/wav/an212-ftmj-b.wav,L Z R V FIFTY FIVE THIRTY FIVE,3.8
/home/jovyan/repos/asr_final_project/an4/train/an4/wav/an2121-flrp-b.wav,Z C B E G SEVENTY NINE,3.2
/home/jovyan/repos/asr_final_project/an4/train/an4/wav/an213-ftmj-b.wav,RUBOUT P N A M X SEVENTY TWO,4.0
/home/jovyan/repos/asr_final_project/an4/train/an4/wav/an214-ftmj-b.wav,ENTER SEVEN,1.4
/home/jovyan/repos/asr_final_project/an4/train/an4/wav/an215-ftmj-b.wav,YES,1.1
/home/jovyan/repos/asr_final_project/an4/train/an4/wav/an216-mjgk-b.wav,V E R K E THIRTY FIVE THIRTY,2.6
/home/jovyan/repos/asr_final_project/an4/train/an4/wav/an218-mjgk-b.wav,STOP,0.9
/home/jovyan/repos/asr_final_project/an4/train/an4/wav/an219-mjgk-b.wav,GO,0.8
/home/jovyan/repos/asr_final_project/an4/train/an4/wav/an22-flrp-b.wav,YES,1.0
/home/jovyan/repos/asr_final_project/an4/train/an4/wav/an220-mjgk-b.wav,ENTER THREE EIGHTY SIX,1.7
/home/jovyan/repos/asr_final_project/an4/train/an4/wav/an221-fwxs-b.wav,G L L K H ONE,3.2
/home/jovyan/repos/asr_final_project/an4/train/an4/wav/an222-fwxs-b.wav,HELP,0.9
/home/jovyan/repos/asr_final_project/an4/train/an4/wav/an223-fwxs-b.wav,HELP,1.0
/home/jovyan/repos/asr_final_project/an4/train/an4/wav/an224-fwxs-b.wav,J V P E EIGHT SEVEN ZERO,3.2
/home/jovyan/repos/asr_final_project/an4/train/an4/wav/an225-fwxs-b.wav,YES,1.0
/home/jovyan/repos/asr_final_project/an4/train/an4/wav/an226-msjm-b.wav,REPEAT,0.9
/home/jovyan/repos/asr_final_project/an4/train/an4/wav/an227-msjm-b.wav,F I Y Q FIFTY SIX,2.7
/home/jovyan/repos/asr_final_project/an4/train/an4/wav/an228-msjm-b.wav,ERASE G W D K F SIX EIGHTY EIGHT,3.6
/home/jovyan/repos/asr_final_project/an4/train/an4/wav/an229-msjm-b.wav,REPEAT,0.9
/home/jovyan/repos/asr_final_project/an4/train/an4/wav/an230-msjm-b.wav,STOP,1.0
/home/jovyan/repos/asr_final_project/an4/train/an4/wav/an232-mcsc-b.wav,HELP,0.9
/home/jovyan/repos/asr_final_project/an4/train/an4/wav/an234-mcsc-b.wav,REPEAT,1.0
/home/jovyan/repos/asr_final_project/an4/train/an4/wav/an235-mcsc-b.wav,NO,0.8
/home/jovyan/repos/asr_final_project/an4/train/an4/wav/an237-mrjc2-b.wav,ENTER SEVEN,1.4
/home/jovyan/repos/asr_final_project/an4/train/an4/wav/an238-mrjc2-b.wav,STOP,0.8
/home/jovyan/repos/asr_final_project/an4/train/an4/wav/an239-mrjc2-b.wav,D Y M H R SIXTY ONE,2.8
/home/jovyan/repos/asr_final_project/an4/train/an4/wav/an24-flrp-b.wav,REPEAT,0.9
/home/jovyan/repos/asr_final_project/an4/train/an4/wav/an240-mrjc2-b.wav,ENTER NINE SEVENTY TWO,2.1
/home/jovyan/repos/asr_final_project/an4/train/an4/wav/an241-mdcs-b.wav,ENTER FIFTY SIXTY THREE,2.4
/home/jovyan/repos/asr_final_project/an4/train/an4/wav/an243-mdcs-b.wav,REPEAT,0.9
/home/jovyan/repos/asr_final_project/an4/train/an4/wav/an244-mdcs-b.wav,L R R K I FOUR,2.5
/home/jovyan/repos/asr_final_project/an4/train/an4/wav/an245-mdcs-b.wav,RUBOUT U F Z Z SIXTY NINE,2.6
/home/jovyan/repos/asr_final_project/an4/train/an4/wav/an246-mjbh-b.wav,HELP,0.9
/home/jovyan/repos/asr_final_project/an4/train/an4/wav/an248-mjbh-b.wav,X Z I V Y ONE,2.1
/home/jovyan/repos/asr_final_project/an4/train/an4/wav/an249-mjbh-b.wav,STOP,0.9
/home/jovyan/repos/asr_final_project/an4/train/an4/wav/an25-flrp-b.wav,RUBOUT O G D E FOUR SEVEN FIVE SEVEN,4.4
/home/jovyan/repos/asr_final_project/an4/train/an4/wav/an250-mjbh-b.wav,YES,0.9
/home/jovyan/repos/asr_final_project/an4/train/an4/wav/an251-fash-b.wav,YES,1.0
/home/jovyan/repos/asr_final_project/an4/train/an4/wav/an253-fash-b.wav,GO,0.7
/home/jovyan/repos/asr_final_project/an4/train/an4/wav/an254-fash-b.wav,YES,0.9
/home/jovyan/repos/asr_final_project/an4/train/an4/wav/an256-mewl-b.wav,NO,0.8
/home/jovyan/repos/asr_final_project/an4/train/an4/wav/an257-mewl-b.wav,RUBOUT H W O N J FOUR THOUSAND SEVEN HUNDRED TWENTY THREE,6.1
/home/jovyan/repos/asr_final_project/an4/train/an4/wav/an258-mewl-b.wav,ENTER FOURTEEN,2.2
/home/jovyan/repos/asr_final_project/an4/train/an4/wav/an259-mewl-b.wav,REPEAT,1.4
/home/jovyan/repos/asr_final_project/an4/train/an4/wav/an26-mdxs-b.wav,YES,1.2
/home/jovyan/repos/asr_final_project/an4/train/an4/wav/an260-mewl-b.wav,B A I Q W EIGHT,3.6
/home/jovyan/repos/asr_final_project/an4/train/an4/wav/an262-mcfl-b.wav,I P A C F TWO FIVE EIGHT,3.5
/home/jovyan/repos/asr_final_project/an4/train/an4/wav/an263-mcfl-b.wav,RUBOUT I R D D J ONE,3.8
/home/jovyan/repos/asr_final_project/an4/train/an4/wav/an265-mcfl-b.wav,YES,1.0
/home/jovyan/repos/asr_final_project/an4/train/an4/wav/an266-mbmg-b.wav,ENTER FIFTY FOUR,1.7
/home/jovyan/repos/asr_final_project/an4/train/an4/wav/an267-mbmg-b.wav,S U O U EIGHTY SIX,3.4
/home/jovyan/repos/asr_final_project/an4/train/an4/wav/an268-mbmg-b.wav,ERASE S V N Y TEN TEN,4.0
/home/jovyan/repos/asr_final_project/an4/train/an4/wav/an269-mbmg-b.wav,RUBOUT C H Y D D OH,4.0
/home/jovyan/repos/asr_final_project/an4/train/an4/wav/an27-mdxs-b.wav,X H B A C FIVE THREE FOUR FOUR,4.9
/home/jovyan/repos/asr_final_project/an4/train/an4/wav/an276-msmn-b.wav,G W N L L NINE FOUR,2.9
/home/jovyan/repos/asr_final_project/an4/train/an4/wav/an277-msmn-b.wav,NO,0.9
/home/jovyan/repos/asr_final_project/an4/train/an4/wav/an278-msmn-b.wav,RUBOUT Q N R A J SEVEN FOUR EIGHT,4.1
/home/jovyan/repos/asr_final_project/an4/train/an4/wav/an279-msmn-b.wav,Q C J K EIGHT FIVE EIGHT,2.9
/home/jovyan/repos/asr_final_project/an4/train/an4/wav/an28-mdxs-b.wav,START,1.1
/home/jovyan/repos/asr_final_project/an4/train/an4/wav/an281-mrmg-b.wav,ENTER TWO,1.4
/home/jovyan/repos/asr_final_project/an4/train/an4/wav/an282-mrmg-b.wav,GO,1.3
/home/jovyan/repos/asr_final_project/an4/train/an4/wav/an283-mrmg-b.wav,RUBOUT M D M T G NINE SIX SEVEN OH,5.0
/home/jovyan/repos/asr_final_project/an4/train/an4/wav/an284-mrmg-b.wav,ENTER SIX,1.5
/home/jovyan/repos/asr_final_project/an4/train/an4/wav/an285-mrmg-b.wav,RUBOUT N A F K V THIRTY,3.5
/home/jovyan/repos/asr_final_project/an4/train/an4/wav/an286-mema-b.wav,REPEAT,1.1
/home/jovyan/repos/asr_final_project/an4/train/an4/wav/an287-mema-b.wav,R H H U F TWO,2.5
/home/jovyan/repos/asr_final_project/an4/train/an4/wav/an288-mema-b.wav,STOP,0.9
/home/jovyan/repos/asr_final_project/an4/train/an4/wav/an289-mema-b.wav,ENTER NINE EIGHT NINE,1.7
/home/jovyan/repos/asr_final_project/an4/train/an4/wav/an29-mdxs-b.wav,REPEAT,1.1
/home/jovyan/repos/asr_final_project/an4/train/an4/wav/an290-mema-b.wav,N G N N THREE NINE NINE,2.6
/home/jovyan/repos/asr_final_project/an4/train/an4/wav/an291-ffmm-b.wav,ENTER FIVE,1.5
/home/jovyan/repos/asr_final_project/an4/train/an4/wav/an292-ffmm-b.wav,ENTER SEVENTY EIGHT,1.7
/home/jovyan/repos/asr_final_project/an4/train/an4/wav/an293-ffmm-b.wav,K L M U FIVE TWO SEVEN FOUR,3.4
/home/jovyan/repos/asr_final_project/an4/train/an4/wav/an294-ffmm-b.wav,H B G L SEVENTY SEVEN,2.7
/home/jovyan/repos/asr_final_project/an4/train/an4/wav/an295-ffmm-b.wav,V A D R THIRTY ONE OH SEVEN,2.9
/home/jovyan/repos/asr_final_project/an4/train/an4/wav/an296-fsaf2-b.wav,V Q D B FORTY NINE HUNDRED,2.9
/home/jovyan/repos/asr_final_project/an4/train/an4/wav/an298-fsaf2-b.wav,REPEAT,1.0
/home/jovyan/repos/asr_final_project/an4/train/an4/wav/an3-mblw-b.wav,ENTER SIXTY,1.3
/home/jovyan/repos/asr_final_project/an4/train/an4/wav/an30-mdxs-b.wav,NO,1.0
/home/jovyan/repos/asr_final_project/an4/train/an4/wav/an301-mtcv-b.wav,RUBOUT U T D A TWO,3.8
/home/jovyan/repos/asr_final_project/an4/train/an4/wav/an302-mtcv-b.wav,RUBOUT M V O O FORTY SIX,4.1
/home/jovyan/repos/asr_final_project/an4/train/an4/wav/an304-mtcv-b.wav,STOP,1.0
/home/jovyan/repos/asr_final_project/an4/train/an4/wav/an305-mtcv-b.wav,ENTER EIGHT ZERO SIX,2.3
/home/jovyan/repos/asr_final_project/an4/train/an4/wav/an311-fkai-b.wav,ERASE I S L F THIRTY EIGHT,3.1
/home/jovyan/repos/asr_final_project/an4/train/an4/wav/an312-fkai-b.wav,ERASE Z Y G N P EIGHT HUNDRED AND TWENTY THREE,3.9
/home/jovyan/repos/asr_final_project/an4/train/an4/wav/an314-fkai-b.wav,A M S J SEVEN THOUSAND ONE HUNDRED AND EIGHTY SIX,3.7
/home/jovyan/repos/asr_final_project/an4/train/an4/wav/an315-fkai-b.wav,ENTER FIFTY ONE,2.0
/home/jovyan/repos/asr_final_project/an4/train/an4/wav/an316-mkdb-b.wav,D S K U FOUR FIVE OH FIVE,3.1
/home/jovyan/repos/asr_final_project/an4/train/an4/wav/an317-mkdb-b.wav,ENTER SEVEN,1.4
/home/jovyan/repos/asr_final_project/an4/train/an4/wav/an318-mkdb-b.wav,ENTER FOUR,1.3
/home/jovyan/repos/asr_final_project/an4/train/an4/wav/an319-mkdb-b.wav,RUBOUT R Z R V Z NINETY EIGHT,3.5
/home/jovyan/repos/asr_final_project/an4/train/an4/wav/an32-mtje-b.wav,YES,1.0
/home/jovyan/repos/asr_final_project/an4/train/an4/wav/an320-mkdb-b.wav,E Z A K O EIGHT,2.4
/home/jovyan/repos/asr_final_project/an4/train/an4/wav/an321-mmal-b.wav,M M V Q D ONE EIGHT SEVEN,3.0
/home/jovyan/repos/asr_final_project/an4/train/an4/wav/an322-mmal-b.wav,RUBOUT T B P B SIX,3.3
/home/jovyan/repos/asr_final_project/an4/train/an4/wav/an323-mmal-b.wav,ENTER TWO OH FIVE,2.0
/home/jovyan/repos/asr_final_project/an4/train/an4/wav/an324-mmal-b.wav,YES,1.0
/home/jovyan/repos/asr_final_project/an4/train/an4/wav/an325-mmal-b.wav,GO,0.9
/home/jovyan/repos/asr_final_project/an4/train/an4/wav/an326-ftal-b.wav,STOP,1.2
/home/jovyan/repos/asr_final_project/an4/train/an4/wav/an327-ftal-b.wav,ENTER SEVEN SEVEN,1.6
/home/jovyan/repos/asr_final_project/an4/train/an4/wav/an329-ftal-b.wav,B Y V M EIGHT FOUR,2.4
/home/jovyan/repos/asr_final_project/an4/train/an4/wav/an33-mtje-b.wav,ERASE F H B K Z SIXTY NINE,4.0
/home/jovyan/repos/asr_final_project/an4/train/an4/wav/an330-ftal-b.wav,ENTER TWO SIX,1.7
/home/jovyan/repos/asr_final_project/an4/train/an4/wav/an331-msrb-b.wav,ENTER NINE,1.8
/home/jovyan/repos/asr_final_project/an4/train/an4/wav/an332-msrb-b.wav,RUBOUT G J H G V SEVEN,3.7
/home/jovyan/repos/asr_final_project/an4/train/an4/wav/an333-msrb-b.wav,YES,1.0
/home/jovyan/repos/asr_final_project/an4/train/an4/wav/an334-msrb-b.wav,N N P U FIVE,2.2
/home/jovyan/repos/asr_final_project/an4/train/an4/wav/an335-msrb-b.wav,ENTER SEVEN,1.4
/home/jovyan/repos/asr_final_project/an4/train/an4/wav/an336-mmdg-b.wav,G A B H TWO,3.1
/home/jovyan/repos/asr_final_project/an4/train/an4/wav/an337-mmdg-b.wav,HELP,1.2
/home/jovyan/repos/asr_final_project/an4/train/an4/wav/an338-mmdg-b.wav,ENTER SIX ONE TWO FIVE,3.2
/home/jovyan/repos/asr_final_project/an4/train/an4/wav/an339-mmdg-b.wav,ENTER TWO FIVE FOUR SIX,3.5
/home/jovyan/repos/asr_final_project/an4/train/an4/wav/an34-mtje-b.wav,YES,1.1
/home/jovyan/repos/asr_final_project/an4/train/an4/wav/an340-mmdg-b.wav,YES,1.3
/home/jovyan/repos/asr_final_project/an4/train/an4/wav/an341-msct-b.wav,YES,1.0
/home/jovyan/repos/asr_final_project/an4/train/an4/wav/an343-msct-b.wav,ENTER TWENTY NINE,1.9
/home/jovyan/repos/asr_final_project/an4/train/an4/wav/an344-msct-b.wav,ERASE A L H N C THIRTY FIVE,4.0
/home/jovyan/repos/asr_final_project/an4/train/an4/wav/an345-msct-b.wav,ERASE V Y W L R SEVEN ZERO ONE ONE,5.7
/home/jovyan/repos/asr_final_project/an4/train/an4/wav/an346-mnfe-b.wav,ERASE O T E B SEVENTY NINE,4.2
/home/jovyan/repos/asr_final_project/an4/train/an4/wav/an347-mnfe-b.wav,HELP,0.9
/home/jovyan/repos/asr_final_project/an4/train/an4/wav/an348-mnfe-b.wav,ENTER EIGHT TWENTY SEVEN,2.3
/home/jovyan/repos/asr_final_project/an4/train/an4/wav/an349-mnfe-b.wav,RUBOUT R R N A A NINETY FOUR,4.6
/home/jovyan/repos/asr_final_project/an4/train/an4/wav/an35-mtje-b.wav,H Z A E THREE SEVEN FIVE ONE,4.1
/home/jovyan/repos/asr_final_project/an4/train/an4/wav/an350-mnfe-b.wav,ENTER THREE,1.4
/home/jovyan/repos/asr_final_project/an4/train/an4/wav/an351-msjr-b.wav,J H B X THREE ZERO,2.8
/home/jovyan/repos/asr_final_project/an4/train/an4/wav/an352-msjr-b.wav,ENTER TWO,1.3
/home/jovyan/repos/asr_final_project/an4/train/an4/wav/an353-msjr-b.wav,NO,0.8
/home/jovyan/repos/asr_final_project/an4/train/an4/wav/an354-msjr-b.wav,RUBOUT W P F J D TWO SIX,3.9
/home/jovyan/repos/asr_final_project/an4/train/an4/wav/an355-msjr-b.wav,ENTER SIX SEVEN,2.0
/home/jovyan/repos/asr_final_project/an4/train/an4/wav/an356-mscg2-b.wav,ENTER FIFTY FIVE,2.2
/home/jovyan/repos/asr_final_project/an4/train/an4/wav/an357-mscg2-b.wav,YES,1.0
/home/jovyan/repos/asr_final_project/an4/train/an4/wav/an358-mscg2-b.wav,RUBOUT V A N B X NINE,4.2
/home/jovyan/repos/asr_final_project/an4/train/an4/wav/an359-mscg2-b.wav,P O U N B FIVE,3.4
/home/jovyan/repos/asr_final_project/an4/train/an4/wav/an36-fejs-b.wav,RUBOUT C Y R B SEVEN EIGHT,3.8
/home/jovyan/repos/asr_final_project/an4/train/an4/wav/an360-mscg2-b.wav,REPEAT,1.2
/home/jovyan/repos/asr_final_project/an4/train/an4/wav/an361-mmkw-b.wav,O A W F FIVE NINE,4.3
/home/jovyan/repos/asr_final_project/an4/train/an4/wav/an362-mmkw-b.wav,V K Z O SIXTY TWO,4.4
/home/jovyan/repos/asr_final_project/an4/train/an4/wav/an363-mmkw-b.wav,RUBOUT D Q T W X FIVE HUNDRED EIGHTY SEVEN,6.2
/home/jovyan/repos/asr_final_project/an4/train/an4/wav/an365-mmkw-b.wav,B J X K TWENTY THREE,4.3
/home/jovyan/repos/asr_final_project/an4/train/an4/wav/an366-mtos-b.wav,M F G I K TWO SIXTY,2.8
/home/jovyan/repos/asr_final_project/an4/train/an4/wav/an367-mtos-b.wav,S F Q Q K SIX THOUSAND EIGHT HUNDRED AND EIGHTY ONE,4.1
/home/jovyan/repos/asr_final_project/an4/train/an4/wav/an368-mtos-b.wav,H Q F X FOUR THOUSAND THREE HUNDRED AND EIGHTY SIX,4.2
/home/jovyan/repos/asr_final_project/an4/train/an4/wav/an369-mtos-b.wav,YES,1.0
/home/jovyan/repos/asr_final_project/an4/train/an4/wav/an37-fejs-b.wav,ERASE J G Q Y EIGHT SIX ONE,4.7
/home/jovyan/repos/asr_final_project/an4/train/an4/wav/an370-mtos-b.wav,RUBOUT N A G K K THREE THIRTY SIX,4.6
/home/jovyan/repos/asr_final_project/an4/train/an4/wav/an371-mblb-b.wav,ERASE I G N M FORTY THREE SEVENTEEN,3.7
/home/jovyan/repos/asr_final_project/an4/train/an4/wav/an372-mblb-b.wav,RUBOUT E U J O NINETY FIVE,3.0
/home/jovyan/repos/asr_final_project/an4/train/an4/wav/an373-mblb-b.wav,K W Z A G TWO HUNDRED AND SIXTY SIX,4.0
/home/jovyan/repos/asr_final_project/an4/train/an4/wav/an375-mblb-b.wav,ENTER FORTY THREE FORTY FIVE,2.3
/home/jovyan/repos/asr_final_project/an4/train/an4/wav/an376-mtxj-b.wav,ENTER FIVE TWO FOUR,1.7
/home/jovyan/repos/asr_final_project/an4/train/an4/wav/an377-mtxj-b.wav,RUBOUT J B X R Z NINE TWENTY,3.7
/home/jovyan/repos/asr_final_project/an4/train/an4/wav/an378-mtxj-b.wav,ENTER SIXTY FOUR,1.5
/home/jovyan/repos/asr_final_project/an4/train/an4/wav/an38-fejs-b.wav,GO,0.8
/home/jovyan/repos/asr_final_project/an4/train/an4/wav/an380-mtxj-b.wav,ENTER SIX OH EIGHT OH,1.9
/home/jovyan/repos/asr_final_project/an4/train/an4/wav/an382-mmsh-b.wav,RUBOUT E Z U A I FIFTEEN,2.7
/home/jovyan/repos/asr_final_project/an4/train/an4/wav/an383-mmsh-b.wav,ENTER SIXTY ONE,1.4
/home/jovyan/repos/asr_final_project/an4/train/an4/wav/an384-mmsh-b.wav,RUBOUT N Z X L THIRTY ONE,2.5
/home/jovyan/repos/asr_final_project/an4/train/an4/wav/an385-mmsh-b.wav,GO,0.8
/home/jovyan/repos/asr_final_project/an4/train/an4/wav/an386-mmtm-b.wav,ENTER SIX FOUR FIVE ONE,2.4
/home/jovyan/repos/asr_final_project/an4/train/an4/wav/an387-mmtm-b.wav,Y W A A M TWO,2.9
/home/jovyan/repos/asr_final_project/an4/train/an4/wav/an388-mmtm-b.wav,START,1.0
/home/jovyan/repos/asr_final_project/an4/train/an4/wav/an389-mmtm-b.wav,RUBOUT X C Z T P FOUR,3.3
/home/jovyan/repos/asr_final_project/an4/train/an4/wav/an39-fejs-b.wav,G C D O FOUR,2.7
/home/jovyan/repos/asr_final_project/an4/train/an4/wav/an390-mmtm-b.wav,REPEAT,1.0
/home/jovyan/repos/asr_final_project/an4/train/an4/wav/an4-mblw-b.wav,ENTER SEVENTY TWO,1.4
/home/jovyan/repos/asr_final_project/an4/train/an4/wav/an40-fejs-b.wav,Z I R K SIX FOUR FOUR,3.1
/home/jovyan/repos/asr_final_project/an4/train/an4/wav/an46-mmap-b.wav,STOP,1.0
/home/jovyan/repos/asr_final_project/an4/train/an4/wav/an47-mmap-b.wav,ENTER SEVEN TWO ONE SIX,2.5
/home/jovyan/repos/asr_final_project/an4/train/an4/wav/an48-mmap-b.wav,ENTER ONE NINE,2.2
/home/jovyan/repos/asr_final_project/an4/train/an4/wav/an49-mmap-b.wav,N H O T Q TWO EIGHT THREE,3.2
/home/jovyan/repos/asr_final_project/an4/train/an4/wav/an5-mblw-b.wav,REPEAT,1.0
/home/jovyan/repos/asr_final_project/an4/train/an4/wav/an50-mmap-b.wav,P T K X ZERO,2.2
/home/jovyan/repos/asr_final_project/an4/train/an4/wav/an51-mmaf-b.wav,V F O F H NINE FOUR,3.5
/home/jovyan/repos/asr_final_project/an4/train/an4/wav/an52-mmaf-b.wav,ENTER SEVEN,1.5
/home/jovyan/repos/asr_final_project/an4/train/an4/wav/an53-mmaf-b.wav,ERASE B M E E THREE FIVE TWO,3.5
/home/jovyan/repos/asr_final_project/an4/train/an4/wav/an54-mmaf-b.wav,START,1.1
/home/jovyan/repos/asr_final_project/an4/train/an4/wav/an56-mjhp-b.wav,ERASE X B M N T FOUR ONE OH NINE,3.8
/home/jovyan/repos/asr_final_project/an4/train/an4/wav/an57-mjhp-b.wav,F K A U TWO FOUR,2.4
/home/jovyan/repos/asr_final_project/an4/train/an4/wav/an58-mjhp-b.wav,ERASE E X X S ZERO,3.2
/home/jovyan/repos/asr_final_project/an4/train/an4/wav/an59-mjhp-b.wav,A G L G A SIX FOUR NINE,3.0
/home/jovyan/repos/asr_final_project/an4/train/an4/wav/an59-mmkw-b.wav,A G L G A SIX HUNDRED FORTY NINE,5.5
/home/jovyan/repos/asr_final_project/an4/train/an4/wav/an6-fjmd-b.wav,NO,0.8
/home/jovyan/repos/asr_final_project/an4/train/an4/wav/an60-mjhp-b.wav,NO,0.9
/home/jovyan/repos/asr_final_project/an4/train/an4/wav/an61-flmm2-b.wav,ENTER SEVEN OH THREE EIGHT,2.6
/home/jovyan/repos/asr_final_project/an4/train/an4/wav/an62-flmm2-b.wav,ENTER FIVE ZERO,1.6
/home/jovyan/repos/asr_final_project/an4/train/an4/wav/an63-flmm2-b.wav,ENTER FIVE THREE FOUR THREE,2.4
/home/jovyan/repos/asr_final_project/an4/train/an4/wav/an64-flmm2-b.wav,ENTER FOUR,1.3
/home/jovyan/repos/asr_final_project/an4/train/an4/wav/an65-flmm2-b.wav,X G I C TWO,2.4
/home/jovyan/repos/asr_final_project/an4/train/an4/wav/an66-meht-b.wav,ENTER FOUR THOUSAND EIGHT HUNDRED EIGHTY THREE,2.7
/home/jovyan/repos/asr_final_project/an4/train/an4/wav/an67-meht-b.wav,NO,0.8
/home/jovyan/repos/asr_final_project/an4/train/an4/wav/an68-meht-b.wav,F E G B FORTY EIGHT,2.1
/home/jovyan/repos/asr_final_project/an4/train/an4/wav/an69-meht-b.wav,REPEAT,0.9
/home/jovyan/repos/asr_final_project/an4/train/an4/wav/an7-fjmd-b.wav,O U FOUR SEVEN TWENTY NINE,2.2
/home/jovyan/repos/asr_final_project/an4/train/an4/wav/an70-meht-b.wav,NO,0.8
/home/jovyan/repos/asr_final_project/an4/train/an4/wav/an71-mrab-b.wav,G E E P C SEVEN ONE OH SEVEN,3.1
/home/jovyan/repos/asr_final_project/an4/train/an4/wav/an72-mrab-b.wav,STOP,0.9
/home/jovyan/repos/asr_final_project/an4/train/an4/wav/an73-mrab-b.wav,ENTER TWO OH SEVEN,1.5
/home/jovyan/repos/asr_final_project/an4/train/an4/wav/an74-mrab-b.wav,RUBOUT Q Q Q P FORTY FIVE,2.9
/home/jovyan/repos/asr_final_project/an4/train/an4/wav/an76-fjam-b.wav,YES,0.9
/home/jovyan/repos/asr_final_project/an4/train/an4/wav/an77-fjam-b.wav,ERASE V X S X TWO FOUR NINE NINE,3.1
/home/jovyan/repos/asr_final_project/an4/train/an4/wav/an78-fjam-b.wav,R Q Z H FOUR,2.0
/home/jovyan/repos/asr_final_project/an4/train/an4/wav/an79-fjam-b.wav,RUBOUT J U I P THREE TWO EIGHT,3.1
/home/jovyan/repos/asr_final_project/an4/train/an4/wav/an8-fjmd-b.wav,B SEVEN TWENTY FIVE,1.8
/home/jovyan/repos/asr_final_project/an4/train/an4/wav/an80-fjam-b.wav,STOP,0.9
/home/jovyan/repos/asr_final_project/an4/train/an4/wav/an81-mnjl-b.wav,ENTER EIGHTY NINE FORTY THREE,2.2
/home/jovyan/repos/asr_final_project/an4/train/an4/wav/an82-mnjl-b.wav,RUBOUT T J J C L TWO,3.4
/home/jovyan/repos/asr_final_project/an4/train/an4/wav/an83-mnjl-b.wav,ENTER SIX,1.5
/home/jovyan/repos/asr_final_project/an4/train/an4/wav/an84-mnjl-b.wav,ENTER SEVEN THIRTY EIGHT,1.9
/home/jovyan/repos/asr_final_project/an4/train/an4/wav/an85-mnjl-b.wav,RUBOUT A D E U Y THREE SIXTY FOUR,3.9
/home/jovyan/repos/asr_final_project/an4/train/an4/wav/an86-fbbh-b.wav,C Z D Z W EIGHT,3.3
/home/jovyan/repos/asr_final_project/an4/train/an4/wav/an87-fbbh-b.wav,ENTER SIX TWO FOUR,1.7
/home/jovyan/repos/asr_final_project/an4/train/an4/wav/an89-fbbh-b.wav,RUBOUT T G J W B SEVENTY NINE FIFTY NINE,6.4
/home/jovyan/repos/asr_final_project/an4/train/an4/wav/an9-fjmd-b.wav,J FOUR THIRTY THREE,1.8
/home/jovyan/repos/asr_final_project/an4/train/an4/wav/an90-fbbh-b.wav,NO,1.0
/home/jovyan/repos/asr_final_project/an4/train/an4/wav/an91-fplp-b.wav,ERASE M Y A M SEVEN,4.5
/home/jovyan/repos/asr_final_project/an4/train/an4/wav/an92-fplp-b.wav,RUBOUT N X F E EIGHT NINE SIX,6.0
/home/jovyan/repos/asr_final_project/an4/train/an4/wav/an93-fplp-b.wav,STOP,1.1
/home/jovyan/repos/asr_final_project/an4/train/an4/wav/an94-fplp-b.wav,ERASE R B D K T FIFTY,5.5
/home/jovyan/repos/asr_final_project/an4/train/an4/wav/an95-fplp-b.wav,RUBOUT F M Q N H THREE SEVENTY,6.3
/home/jovyan/repos/asr_final_project/an4/train/an4/wav/an97-mskh-b.wav,ENTER SEVENTY ONE,1.4
/home/jovyan/repos/asr_final_project/an4/train/an4/wav/an98-mskh-b.wav,START,0.9
/home/jovyan/repos/asr_final_project/an4/train/an4/wav/an99-mskh-b.wav,H K T E D ONE SEVENTY,2.6
/home/jovyan/repos/asr_final_project/an4/train/an4/wav/cen1-fash-b.wav,H I N I C H,3.5
/home/jovyan/repos/asr_final_project/an4/train/an4/wav/cen1-fbbh-b.wav,H O W E L L,2.4
/home/jovyan/repos/asr_final_project/an4/train/an4/wav/cen1-fclc-b.wav,C O N N E L L Y,4.3
/home/jovyan/repos/asr_final_project/an4/train/an4/wav/cen1-fejs-b.wav,S C A V I N C K Y,4.4
/home/jovyan/repos/asr_final_project/an4/train/an4/wav/cen1-ffmm-b.wav,M O D U G N O,3.3
/home/jovyan/repos/asr_final_project/an4/train/an4/wav/cen1-fjdn-b.wav,N E L S O N,1.5
/home/jovyan/repos/asr_final_project/an4/train/an4/wav/cen1-fjmd-b.wav,D R A V K,1.6
/home/jovyan/repos/asr_final_project/an4/train/an4/wav/cen1-fkai-b.wav,I V A R S O N,1.8
/home/jovyan/repos/asr_final_project/an4/train/an4/wav/cen1-flmm2-b.wav,M A C A L U S O,3.9
/home/jovyan/repos/asr_final_project/an4/train/an4/wav/cen1-flrp-b.wav,P O M E R A N T Z,2.9
/home/jovyan/repos/asr_final_project/an4/train/an4/wav/cen1-fmjc-b.wav,C E L L I O,2.9
/home/jovyan/repos/asr_final_project/an4/train/an4/wav/cen1-fmjd-b.wav,D O W L I N G,3.2
/home/jovyan/repos/asr_final_project/an4/train/an4/wav/cen1-fnsv-b.wav,V E C C H I,3.6
/home/jovyan/repos/asr_final_project/an4/train/an4/wav/cen1-fplp-b.wav,P O M E R A N T Z,5.6
/home/jovyan/repos/asr_final_project/an4/train/an4/wav/cen1-fsaf2-b.wav,F A R R E L L Y,3.8
/home/jovyan/repos/asr_final_project/an4/train/an4/wav/cen1-fsrb-b.wav,B U R K S,2.8
/home/jovyan/repos/asr_final_project/an4/train/an4/wav/cen1-ftal-b.wav,L E W I S,2.0
/home/jovyan/repos/asr_final_project/an4/train/an4/wav/cen1-ftmj-b.wav,J E T T,2.4
/home/jovyan/repos/asr_final_project/an4/train/an4/wav/cen1-fwxs-b.wav,S A T T E R F I E L D,4.2
/home/jovyan/repos/asr_final_project/an4/train/an4/wav/cen1-mblb-b.wav,B R U M I T T,2.7
/home/jovyan/repos/asr_final_project/an4/train/an4/wav/cen1-mblw-b.wav,W E I D E,1.7
/home/jovyan/repos/asr_final_project/an4/train/an4/wav/cen1-mbmg-b.wav,G O T T I E R,2.8
/home/jovyan/repos/asr_final_project/an4/train/an4/wav/cen1-mcel-b.wav,L A M P S O N,3.1
/home/jovyan/repos/asr_final_project/an4/train/an4/wav/cen1-mcrt-b.wav,T A Y L O R,4.2
/home/jovyan/repos/asr_final_project/an4/train/an4/wav/cen1-mcsc-b.wav,C A L I G I U R I,4.8
/home/jovyan/repos/asr_final_project/an4/train/an4/wav/cen1-mdcs-b.wav,S T E E R E,2.5
/home/jovyan/repos/asr_final_project/an4/train/an4/wav/cen1-mdcs2-b.wav,S N O W,2.5
/home/jovyan/repos/asr_final_project/an4/train/an4/wav/cen1-mdmc-b.wav,C A R R E L,2.3
/home/jovyan/repos/asr_final_project/an4/train/an4/wav/cen1-mdxn-b.wav,N O O N B U R G,2.9
/home/jovyan/repos/asr_final_project/an4/train/an4/wav/cen1-mdxs-b.wav,S T O D O L S K Y,5.2
/home/jovyan/repos/asr_final_project/an4/train/an4/wav/cen1-meab-b.wav,B L A C K W O O D,4.7
/home/jovyan/repos/asr_final_project/an4/train/an4/wav/cen1-meht-b.wav,T H A Y E R,2.1
/home/jovyan/repos/asr_final_project/an4/train/an4/wav/cen1-mema-b.wav,A L T M A N N,2.4
/home/jovyan/repos/asr_final_project/an4/train/an4/wav/cen1-mewl-b.wav,L E U L I E T T E,4.3
/home/jovyan/repos/asr_final_project/an4/train/an4/wav/cen1-mfaa-b.wav,A L L E V A,2.0
/home/jovyan/repos/asr_final_project/an4/train/an4/wav/cen1-mgah-b.wav,H O Y,2.5
/home/jovyan/repos/asr_final_project/an4/train/an4/wav/cen1-mjda-b.wav,A S P N E S,2.2
/home/jovyan/repos/asr_final_project/an4/train/an4/wav/cen1-mjdr-b.wav,R O S E N F E L D,2.8
/home/jovyan/repos/asr_final_project/an4/train/an4/wav/cen1-mjgk-b.wav,K E A N E,1.9
/home/jovyan/repos/asr_final_project/an4/train/an4/wav/cen1-mjjs2-b.wav,S K E E S,4.4
/home/jovyan/repos/asr_final_project/an4/train/an4/wav/cen1-mkdb-b.wav,B E C H T E L,2.7
/home/jovyan/repos/asr_final_project/an4/train/an4/wav/cen1-mkem-b.wav,M O H N K E R N,2.7
/home/jovyan/repos/asr_final_project/an4/train/an4/wav/cen1-mmal-b.wav,L U B I N S K I,3.7
/home/jovyan/repos/asr_final_project/an4/train/an4/wav/cen1-mmkw-b.wav,W I L L I A M S,5.0
/home/jovyan/repos/asr_final_project/an4/train/an4/wav/cen1-mmsh-b.wav,H O F F R I C H T E R,2.7
/home/jovyan/repos/asr_final_project/an4/train/an4/wav/cen1-mmtm-b.wav,M A S O N,2.9
/home/jovyan/repos/asr_final_project/an4/train/an4/wav/cen1-mnfe-b.wav,E F R O M,2.6
/home/jovyan/repos/asr_final_project/an4/train/an4/wav/cen1-mnjl-b.wav,L O O F B O U R R O W,4.1
/home/jovyan/repos/asr_final_project/an4/train/an4/wav/cen1-mrab-b.wav,B R E N N A N,1.9
/home/jovyan/repos/asr_final_project/an4/train/an4/wav/cen1-mrcb-b.wav,B R O S T,2.1
/home/jovyan/repos/asr_final_project/an4/train/an4/wav/cen1-mrjc2-b.wav,C L O U T I E R,4.1
/home/jovyan/repos/asr_final_project/an4/train/an4/wav/cen1-mrmg-b.wav,G R E E N,3.4
/home/jovyan/repos/asr_final_project/an4/train/an4/wav/cen1-mscg2-b.wav,G I B B S,2.4
/home/jovyan/repos/asr_final_project/an4/train/an4/wav/cen1-msct-b.wav,T I M M,2.7
/home/jovyan/repos/asr_final_project/an4/train/an4/wav/cen1-msjm-b.wav,M A H O N E Y,2.3
/home/jovyan/repos/asr_final_project/an4/train/an4/wav/cen1-msjr-b.wav,R O Z E V E L D,3.7
/home/jovyan/repos/asr_final_project/an4/train/an4/wav/cen1-msrb-b.wav,B R O W N,2.7
/home/jovyan/repos/asr_final_project/an4/train/an4/wav/cen1-mtcv-b.wav,V A N D E R L A A N,6.1
/home/jovyan/repos/asr_final_project/an4/train/an4/wav/cen1-mtje-b.wav,E W A L D,2.6
/home/jovyan/repos/asr_final_project/an4/train/an4/wav/cen1-mtos-b.wav,S M I T H,2.1
/home/jovyan/repos/asr_final_project/an4/train/an4/wav/cen1-mtxj-b.wav,J O H N S O N,2.5
/home/jovyan/repos/asr_final_project/an4/train/an4/wav/cen1-mwhw-b.wav,W A R D,1.8
/home/jovyan/repos/asr_final_project/an4/train/an4/wav/cen2-fash-b.wav,A M Y,1.3
/home/jovyan/repos/asr_final_project/an4/train/an4/wav/cen2-fbbh-b.wav,B E V E R L Y,3.0
/home/jovyan/repos/asr_final_project/an4/train/an4/wav/cen2-fclc-b.wav,C I N D Y,2.5
/home/jovyan/repos/asr_final_project/an4/train/an4/wav/cen2-fejs-b.wav,J E A N,2.3
/home/jovyan/repos/asr_final_project/an4/train/an4/wav/cen2-ffmm-b.wav,F R A N C E S M A R Y,5.0
/home/jovyan/repos/asr_final_project/an4/train/an4/wav/cen2-fjam-b.wav,J U L I E,1.5
/home/jovyan/repos/asr_final_project/an4/train/an4/wav/cen2-fjdn-b.wav,J E N N I F E R,1.8
/home/jovyan/repos/asr_final_project/an4/train/an4/wav/cen2-fjmd-b.wav,J E A N E T T E,2.8
/home/jovyan/repos/asr_final_project/an4/train/an4/wav/cen2-fkai-b.wav,K A R L A,1.6
/home/jovyan/repos/asr_final_project/an4/train/an4/wav/cen2-fkdo-b.wav,K A R E N,2.9
/home/jovyan/repos/asr_final_project/an4/train/an4/wav/cen2-flmm2-b.wav,L I N D A,2.0
/home/jovyan/repos/asr_final_project/an4/train/an4/wav/cen2-flrp-b.wav,L I N D A,1.6
/home/jovyan/repos/asr_final_project/an4/train/an4/wav/cen2-fmjc-b.wav,M O N I C A,2.5
/home/jovyan/repos/asr_final_project/an4/train/an4/wav/cen2-fmjd-b.wav,M A R Y J O,3.4
/home/jovyan/repos/asr_final_project/an4/train/an4/wav/cen2-fnsv-b.wav,N I C O L E,2.8
/home/jovyan/repos/asr_final_project/an4/train/an4/wav/cen2-fplp-b.wav,P H Y L L I S,4.3
/home/jovyan/repos/asr_final_project/an4/train/an4/wav/cen2-fsaf2-b.wav,S H E I L A,3.1
/home/jovyan/repos/asr_final_project/an4/train/an4/wav/cen2-ftal-b.wav,T R A C Y,1.8
/home/jovyan/repos/asr_final_project/an4/train/an4/wav/cen2-ftmj-b.wav,T E R I N A,2.9
/home/jovyan/repos/asr_final_project/an4/train/an4/wav/cen2-fwxs-b.wav,W H I T N E Y,3.1
/home/jovyan/repos/asr_final_project/an4/train/an4/wav/cen2-mblw-b.wav,R O B E R T,1.6
/home/jovyan/repos/asr_final_project/an4/train/an4/wav/cen2-mbmg-b.wav,B R I A N,1.9
/home/jovyan/repos/asr_final_project/an4/train/an4/wav/cen2-mcel-b.wav,C L A R K,2.9
/home/jovyan/repos/asr_final_project/an4/train/an4/wav/cen2-mcen-b.wav,C H R I S,2.5
/home/jovyan/repos/asr_final_project/an4/train/an4/wav/cen2-mcfl-b.wav,C H R I S T O P H E R,5.3
/home/jovyan/repos/asr_final_project/an4/train/an4/wav/cen2-mcsc-b.wav,C H A R L E S,3.1
/home/jovyan/repos/asr_final_project/an4/train/an4/wav/cen2-mdcs-b.wav,D A V I D,1.6
/home/jovyan/repos/asr_final_project/an4/train/an4/wav/cen2-mdcs2-b.wav,D O N A L D,2.2
/home/jovyan/repos/asr_final_project/an4/train/an4/wav/cen2-mdmc-b.wav,D A V I D,2.5
/home/jovyan/repos/asr_final_project/an4/train/an4/wav/cen2-mdxn-b.wav,D E R E K,2.2
/home/jovyan/repos/asr_final_project/an4/train/an4/wav/cen2-mdxs-b.wav,D A N I E L,2.5
/home/jovyan/repos/asr_final_project/an4/train/an4/wav/cen2-meab-b.wav,E D W I N,3.1
/home/jovyan/repos/asr_final_project/an4/train/an4/wav/cen2-meht-b.wav,E R I C,1.5
/home/jovyan/repos/asr_final_project/an4/train/an4/wav/cen2-mema-b.wav,E R I K,1.4
/home/jovyan/repos/asr_final_project/an4/train/an4/wav/cen2-mewl-b.wav,E R I C,1.6
/home/jovyan/repos/asr_final_project/an4/train/an4/wav/cen2-mgah-b.wav,G L E N N,2.6
/home/jovyan/repos/asr_final_project/an4/train/an4/wav/cen2-mjda-b.wav,J A M E S,2.2
/home/jovyan/repos/asr_final_project/an4/train/an4/wav/cen2-mjdr-b.wav,J E F F,2.0
/home/jovyan/repos/asr_final_project/an4/train/an4/wav/cen2-mjes-b.wav,J O N A T H A N,2.3
/home/jovyan/repos/asr_final_project/an4/train/an4/wav/cen2-mjgk-b.wav,J O S E P H,2.2
/home/jovyan/repos/asr_final_project/an4/train/an4/wav/cen2-mjhp-b.wav,J O S E P H,2.1
/home/jovyan/repos/asr_final_project/an4/train/an4/wav/cen2-mjjs2-b.wav,J A M E S,4.7
/home/jovyan/repos/asr_final_project/an4/train/an4/wav/cen2-mkdb-b.wav,K A R L,1.7
/home/jovyan/repos/asr_final_project/an4/train/an4/wav/cen2-mkem-b.wav,K E N,1.7
/home/jovyan/repos/asr_final_project/an4/train/an4/wav/cen2-mmaf-b.wav,M I C H A E L,2.6
/home/jovyan/repos/asr_final_project/an4/train/an4/wav/cen2-mmal-b.wav,M A R K,2.0
/home/jovyan/repos/asr_final_project/an4/train/an4/wav/cen2-mmap-b.wav,M A R K,1.5
/home/jovyan/repos/asr_final_project/an4/train/an4/wav/cen2-mmdg-b.wav,M I C H A E L,2.9
/home/jovyan/repos/asr_final_project/an4/train/an4/wav/cen2-mmkw-b.wav,M A T T H E W,4.6
/home/jovyan/repos/asr_final_project/an4/train/an4/wav/cen2-mnfe-b.wav,N E I L,2.1
/home/jovyan/repos/asr_final_project/an4/train/an4/wav/cen2-mnjl-b.wav,N A T H A N,2.0
/home/jovyan/repos/asr_final_project/an4/train/an4/wav/cen2-mrab-b.wav,R O B E R T,1.8
/home/jovyan/repos/asr_final_project/an4/train/an4/wav/cen2-mrcb-b.wav,R A N D Y,1.9
/home/jovyan/repos/asr_final_project/an4/train/an4/wav/cen2-mrjc2-b.wav,R I C H A R D,3.2
/home/jovyan/repos/asr_final_project/an4/train/an4/wav/cen2-mrmg-b.wav,R I C H A R D,3.6
/home/jovyan/repos/asr_final_project/an4/train/an4/wav/cen2-mscg2-b.wav,S T E V E N,2.8
/home/jovyan/repos/asr_final_project/an4/train/an4/wav/cen2-msct-b.wav,S T E V E N,2.5
/home/jovyan/repos/asr_final_project/an4/train/an4/wav/cen2-msjr-b.wav,S T E V E N,2.3
/home/jovyan/repos/asr_final_project/an4/train/an4/wav/cen2-mskh-b.wav,S T E V E N,2.0
/home/jovyan/repos/asr_final_project/an4/train/an4/wav/cen2-msrb-b.wav,S T E V E,2.4
/home/jovyan/repos/asr_final_project/an4/train/an4/wav/cen2-mtcv-b.wav,T O M,1.4
/home/jovyan/repos/asr_final_project/an4/train/an4/wav/cen2-mtje-b.wav,T I M O T H Y,4.3
/home/jovyan/repos/asr_final_project/an4/train/an4/wav/cen2-mtos-b.wav,T H O M A S,2.6
/home/jovyan/repos/asr_final_project/an4/train/an4/wav/cen2-mtxj-b.wav,T H A D,1.6
/home/jovyan/repos/asr_final_project/an4/train/an4/wav/cen2-mwhw-b.wav,W A Y N E,2.2
/home/jovyan/repos/asr_final_project/an4/train/an4/wav/cen3-fbbh-b.wav,FIFTY ONE FIFTY SIX,2.3
/home/jovyan/repos/asr_final_project/an4/train/an4/wav/cen3-fejs-b.wav,ONE ZERO SIX FIVE,2.8
/home/jovyan/repos/asr_final_project/an4/train/an4/wav/cen3-ffmm-b.wav,FIFTY SIX THIRTY TWO,2.0
/home/jovyan/repos/asr_final_project/an4/train/an4/wav/cen3-fjam-b.wav,SEVEN FIFTY FIVE,1.8
/home/jovyan/repos/asr_final_project/an4/train/an4/wav/cen3-fjdn-b.wav,THIRTY THREE,1.0
/home/jovyan/repos/asr_final_project/an4/train/an4/wav/cen3-fjmd-b.wav,ONE TEN,1.0
/home/jovyan/repos/asr_final_project/an4/train/an4/wav/cen3-fkai-b.wav,ONE THOUSAND,1.1
/home/jovyan/repos/asr_final_project/an4/train/an4/wav/cen3-fkdo-b.wav,TWO TWO NINE THREE,2.6
/home/jovyan/repos/asr_final_project/an4/train/an4/wav/cen3-flmm2-b.wav,THREE FOUR EIGHT ZERO,1.8
/home/jovyan/repos/asr_final_project/an4/train/an4/wav/cen3-flrp-b.wav,FIFTY ONE FIFTEEN,1.6
/home/jovyan/repos/asr_final_project/an4/train/an4/wav/cen3-fmjc-b.wav,FIVE SIX ONE FIVE,2.0
/home/jovyan/repos/asr_final_project/an4/train/an4/wav/cen3-fmjd-b.wav,SIX FIVE THREE FOUR,2.0
/home/jovyan/repos/asr_final_project/an4/train/an4/wav/cen3-fnsv-b.wav,FIFTY SIX OH FIVE,2.5
/home/jovyan/repos/asr_final_project/an4/train/an4/wav/cen3-fplp-b.wav,ONE TWO FOUR ONE,3.0
/home/jovyan/repos/asr_final_project/an4/train/an4/wav/cen3-fsrb-b.wav,THIRTY TWO THIRTY ONE,2.1
/home/jovyan/repos/asr_final_project/an4/train/an4/wav/cen3-ftal-b.wav,FOUR OH THREE,1.4
/home/jovyan/repos/asr_final_project/an4/train/an4/wav/cen3-ftmj-b.wav,TWENTY TWO TWENTY SIX,2.3
/home/jovyan/repos/asr_final_project/an4/train/an4/wav/cen3-fwxs-b.wav,TWO TEN,1.5
/home/jovyan/repos/asr_final_project/an4/train/an4/wav/cen3-mblb-b.wav,ONE TEN,1.1
/home/jovyan/repos/asr_final_project/an4/train/an4/wav/cen3-mblw-b.wav,FORTY THREE TWENTY THREE,1.6
/home/jovyan/repos/asr_final_project/an4/train/an4/wav/cen3-mbmg-b.wav,THREE OH ONE,1.5
/home/jovyan/repos/asr_final_project/an4/train/an4/wav/cen3-mcel-b.wav,SIX THREE EIGHT,1.9
/home/jovyan/repos/asr_final_project/an4/train/an4/wav/cen3-mcen-b.wav,FIFTY EIGHT OH NINE AND A HALF,2.5
/home/jovyan/repos/asr_final_project/an4/train/an4/wav/cen3-mcfl-b.wav,ONE FOUR EIGHT TWO THREE,2.4
/home/jovyan/repos/asr_final_project/an4/train/an4/wav/cen3-mcrt-b.wav,THREE OH SIX,2.7
/home/jovyan/repos/asr_final_project/an4/train/an4/wav/cen3-mcsc-b.wav,ONE ZERO ZERO SIX,2.3
/home/jovyan/repos/asr_final_project/an4/train/an4/wav/cen3-mdcs-b.wav,SIXTY THREE SIXTY FOUR AND A HALF,2.1
/home/jovyan/repos/asr_final_project/an4/train/an4/wav/cen3-mdcs2-b.wav,FOURTEEN FOURTEEN,1.7
/home/jovyan/repos/asr_final_project/an4/train/an4/wav/cen3-mdmc-b.wav,FIVE TEN,1.3
/home/jovyan/repos/asr_final_project/an4/train/an4/wav/cen3-mdxs-b.wav,THREE SEVENTY ONE,2.5
/home/jovyan/repos/asr_final_project/an4/train/an4/wav/cen3-meab-b.wav,THREE ONE TWO,1.9
/home/jovyan/repos/asr_final_project/an4/train/an4/wav/cen3-meht-b.wav,FIFTY SIX SIXTY NINE,1.9
/home/jovyan/repos/asr_final_project/an4/train/an4/wav/cen3-mfaa-b.wav,FIVE SIX THREE ONE,1.6
/home/jovyan/repos/asr_final_project/an4/train/an4/wav/cen3-mjbh-b.wav,FIVE SIX FOUR ZERO,1.6
/home/jovyan/repos/asr_final_project/an4/train/an4/wav/cen3-mjda-b.wav,SEVEN THIRTY,1.4
/home/jovyan/repos/asr_final_project/an4/train/an4/wav/cen3-mjdr-b.wav,FOUR SEVEN TWO ZERO,1.7
/home/jovyan/repos/asr_final_project/an4/train/an4/wav/cen3-mjes-b.wav,THIRTY,0.8
/home/jovyan/repos/asr_final_project/an4/train/an4/wav/cen3-mjhp-b.wav,ONE FIVE THREE TWO,1.7
/home/jovyan/repos/asr_final_project/an4/train/an4/wav/cen3-mkdb-b.wav,FIFTY SEVEN FOURTEEN A,2.2
/home/jovyan/repos/asr_final_project/an4/train/an4/wav/cen3-mmaf-b.wav,FIVE TWO SEVEN,1.7
/home/jovyan/repos/asr_final_project/an4/train/an4/wav/cen3-mmal-b.wav,FIFTY THREE FORTY TWO,1.8
/home/jovyan/repos/asr_final_project/an4/train/an4/wav/cen3-mmap-b.wav,SIX THIRTY,1.3
/home/jovyan/repos/asr_final_project/an4/train/an4/wav/cen3-mmdg-b.wav,SIX THREE TWO THREE,2.4
/home/jovyan/repos/asr_final_project/an4/train/an4/wav/cen3-mmsh-b.wav,THREE FOUR FOUR,1.3
/home/jovyan/repos/asr_final_project/an4/train/an4/wav/cen3-mmtm-b.wav,ONE ELEVEN,1.5
/home/jovyan/repos/asr_final_project/an4/train/an4/wav/cen3-mnfe-b.wav,TEN SEVENTY ONE,1.7
/home/jovyan/repos/asr_final_project/an4/train/an4/wav/cen3-mnjl-b.wav,ONE THOUSAND,1.2
/home/jovyan/repos/asr_final_project/an4/train/an4/wav/cen3-mrab-b.wav,ONE TWENTY TWO,1.3
/home/jovyan/repos/asr_final_project/an4/train/an4/wav/cen3-mrcb-b.wav,ONE TWO FIVE TWO,1.8
/home/jovyan/repos/asr_final_project/an4/train/an4/wav/cen3-mrjc2-b.wav,SIXTY SEVEN TEN,2.1
/home/jovyan/repos/asr_final_project/an4/train/an4/wav/cen3-mrmg-b.wav,ONE OH TWO,1.7
/home/jovyan/repos/asr_final_project/an4/train/an4/wav/cen3-mscg2-b.wav,FIVE ONE ONE FIVE,2.3
/home/jovyan/repos/asr_final_project/an4/train/an4/wav/cen3-msct-b.wav,FIVE ONE NINE,1.5
/home/jovyan/repos/asr_final_project/an4/train/an4/wav/cen3-msjr-b.wav,EIGHT FORTY ONE,1.4
/home/jovyan/repos/asr_final_project/an4/train/an4/wav/cen3-mskh-b.wav,SIX ZERO ONE FIVE,1.8
/home/jovyan/repos/asr_final_project/an4/train/an4/wav/cen3-mtcv-b.wav,EIGHT FOUR SIX SEVEN,2.0
/home/jovyan/repos/asr_final_project/an4/train/an4/wav/cen3-mtje-b.wav,FOUR OH ONE,2.2
/home/jovyan/repos/asr_final_project/an4/train/an4/wav/cen3-mtos-b.wav,M G E FOUR OH TWO,2.4
/home/jovyan/repos/asr_final_project/an4/train/an4/wav/cen3-mtxj-b.wav,ONE HUNDRED,1.0
/home/jovyan/repos/asr_final_project/an4/train/an4/wav/cen3-mwhw-b.wav,ONE FIFTY,1.1
/home/jovyan/repos/asr_final_project/an4/train/an4/wav/cen4-fash-b.wav,M O R E W O O D,3.6
/home/jovyan/repos/asr_final_project/an4/train/an4/wav/cen4-fclc-b.wav,A Y L E S B O R O,3.7
/home/jovyan/repos/asr_final_project/an4/train/an4/wav/cen4-fejs-b.wav,F I N D L E Y D R I V E,5.3
/home/jovyan/repos/asr_final_project/an4/train/an4/wav/cen4-ffmm-b.wav,P H I L L I P S,4.3
/home/jovyan/repos/asr_final_project/an4/train/an4/wav/cen4-fjam-b.wav,M E M O R Y L A N E,3.3
/home/jovyan/repos/asr_final_project/an4/train/an4/wav/cen4-fjdn-b.wav,K U N T Z,1.5
/home/jovyan/repos/asr_final_project/an4/train/an4/wav/cen4-fjmd-b.wav,S P R I N G H O U S E,3.5
/home/jovyan/repos/asr_final_project/an4/train/an4/wav/cen4-fkdo-b.wav,A L M O N T,2.7
/home/jovyan/repos/asr_final_project/an4/train/an4/wav/cen4-flmm2-b.wav,M E A D O W G A T E D R I V E,6.2
/home/jovyan/repos/asr_final_project/an4/train/an4/wav/cen4-flrp-b.wav,M A R G A R E T,3.0
/home/jovyan/repos/asr_final_project/an4/train/an4/wav/cen4-fmjc-b.wav,H O B A R T,2.1
/home/jovyan/repos/asr_final_project/an4/train/an4/wav/cen4-fmjd-b.wav,D A L Z E L L,3.4
/home/jovyan/repos/asr_final_project/an4/train/an4/wav/cen4-fnsv-b.wav,E L L S W O R T H,4.7
/home/jovyan/repos/asr_final_project/an4/train/an4/wav/cen4-fplp-b.wav,E A R L F O R D,5.0
/home/jovyan/repos/asr_final_project/an4/train/an4/wav/cen4-fsaf2-b.wav,T A N G L E W Y L D E,4.4
/home/jovyan/repos/asr_final_project/an4/train/an4/wav/cen4-fsrb-b.wav,A R A P A H O E,4.4
/home/jovyan/repos/asr_final_project/an4/train/an4/wav/cen4-ftal-b.wav,V A L E,2.2
/home/jovyan/repos/asr_final_project/an4/train/an4/wav/cen4-ftmj-b.wav,H A W T H O R N E,4.4
/home/jovyan/repos/asr_final_project/an4/train/an4/wav/cen4-fwxs-b.wav,O R C H A R D P L A C E,5.5
/home/jovyan/repos/asr_final_project/an4/train/an4/wav/cen4-mblb-b.wav,M I D W O O D,2.7
/home/jovyan/repos/asr_final_project/an4/train/an4/wav/cen4-mblw-b.wav,L U D W I C K,2.1
/home/jovyan/repos/asr_final_project/an4/train/an4/wav/cen4-mbmg-b.wav,P A R K R O A D,3.1
/home/jovyan/repos/asr_final_project/an4/train/an4/wav/cen4-mcel-b.wav,G A R L A N D,3.2
/home/jovyan/repos/asr_final_project/an4/train/an4/wav/cen4-mcfl-b.wav,L O N G V I E W,3.4
/home/jovyan/repos/asr_final_project/an4/train/an4/wav/cen4-mcrt-b.wav,H A S T I N G S,4.8
/home/jovyan/repos/asr_final_project/an4/train/an4/wav/cen4-mcsc-b.wav,T R E N T O N,2.6
/home/jovyan/repos/asr_final_project/an4/train/an4/wav/cen4-mdcs-b.wav,F O R W A R D,2.5
/home/jovyan/repos/asr_final_project/an4/train/an4/wav/cen4-mdcs2-b.wav,S O U T H,2.2
/home/jovyan/repos/asr_final_project/an4/train/an4/wav/cen4-mdmc-b.wav,H I G H L A N D,6.3
/home/jovyan/repos/asr_final_project/an4/train/an4/wav/cen4-mdxn-b.wav,C O N C O R D,2.7
/home/jovyan/repos/asr_final_project/an4/train/an4/wav/cen4-mdxs-b.wav,B O U Q U E T,3.1
/home/jovyan/repos/asr_final_project/an4/train/an4/wav/cen4-meab-b.wav,B R A D D O C K,3.9
/home/jovyan/repos/asr_final_project/an4/train/an4/wav/cen4-meht-b.wav,B E A C O N,2.0
/home/jovyan/repos/asr_final_project/an4/train/an4/wav/cen4-mema-b.wav,E A S T E N D A V E,3.7
/home/jovyan/repos/asr_final_project/an4/train/an4/wav/cen4-mewl-b.wav,FIVE ONE ONE FIVE M A R G A R E T,4.9
/home/jovyan/repos/asr_final_project/an4/train/an4/wav/cen4-mfaa-b.wav,W I L K I N S,2.6
/home/jovyan/repos/asr_final_project/an4/train/an4/wav/cen4-mgah-b.wav,R U S K I N,3.3
/home/jovyan/repos/asr_final_project/an4/train/an4/wav/cen4-mjbh-b.wav,E L G I N,1.6
/home/jovyan/repos/asr_final_project/an4/train/an4/wav/cen4-mjda-b.wav,E A S T E N D A V E N U E,5.8
/home/jovyan/repos/asr_final_project/an4/train/an4/wav/cen4-mjdr-b.wav,C E N T R E A V E N U E,4.4
/home/jovyan/repos/asr_final_project/an4/train/an4/wav/cen4-mjes-b.wav,E A S T EIGHTY FIFTH S T R E E T,3.9
/home/jovyan/repos/asr_final_project/an4/train/an4/wav/cen4-mjhp-b.wav,A S B U R Y P L A C E,3.3
/home/jovyan/repos/asr_final_project/an4/train/an4/wav/cen4-mjjs2-b.wav,A M P E R E,4.7
/home/jovyan/repos/asr_final_project/an4/train/an4/wav/cen4-mkdb-b.wav,B E A C O N,2.6
/home/jovyan/repos/asr_final_project/an4/train/an4/wav/cen4-mkem-b.wav,C M U,1.3
/home/jovyan/repos/asr_final_project/an4/train/an4/wav/cen4-mmaf-b.wav,S U M M E R L E A,3.0
/home/jovyan/repos/asr_final_project/an4/train/an4/wav/cen4-mmal-b.wav,B E E L E R,2.9
/home/jovyan/repos/asr_final_project/an4/train/an4/wav/cen4-mmap-b.wav,B R O A D H E A D R O A D,4.7
/home/jovyan/repos/asr_final_project/an4/train/an4/wav/cen4-mmdg-b.wav,D O U G L A S,4.1
/home/jovyan/repos/asr_final_project/an4/train/an4/wav/cen4-mmkw-b.wav,P I N E H U R S T,5.2
/home/jovyan/repos/asr_final_project/an4/train/an4/wav/cen4-mmsh-b.wav,F I F T H A V E N U E,3.2
/home/jovyan/repos/asr_final_project/an4/train/an4/wav/cen4-mmtm-b.wav,O L D B A R N D R I V E,5.4
/home/jovyan/repos/asr_final_project/an4/train/an4/wav/cen4-mnfe-b.wav,M O R E W O O D,4.3
/home/jovyan/repos/asr_final_project/an4/train/an4/wav/cen4-mrab-b.wav,O A K D A L E D R I V E,3.3
/home/jovyan/repos/asr_final_project/an4/train/an4/wav/cen4-mrcb-b.wav,N E G L E Y,2.8
/home/jovyan/repos/asr_final_project/an4/train/an4/wav/cen4-mrjc2-b.wav,F E N N I M O R E,3.5
/home/jovyan/repos/asr_final_project/an4/train/an4/wav/cen4-mscg2-b.wav,M A R G A R E T,3.7
/home/jovyan/repos/asr_final_project/an4/train/an4/wav/cen4-msct-b.wav,S E M P L E,2.6
/home/jovyan/repos/asr_final_project/an4/train/an4/wav/cen4-msjm-b.wav,M A P L E,1.9
/home/jovyan/repos/asr_final_project/an4/train/an4/wav/cen4-mskh-b.wav,FIVE T H A V E N U E,3.9
/home/jovyan/repos/asr_final_project/an4/train/an4/wav/cen4-msmn-b.wav,B U R C H F E I L D A V E,4.4
/home/jovyan/repos/asr_final_project/an4/train/an4/wav/cen4-msrb-b.wav,P A T T E R S O N,4.1
/home/jovyan/repos/asr_final_project/an4/train/an4/wav/cen4-mtcv-b.wav,S L E E P Y H O L L O W,6.1
/home/jovyan/repos/asr_final_project/an4/train/an4/wav/cen4-mtje-b.wav,C E N T R E A V E,4.7
/home/jovyan/repos/asr_final_project/an4/train/an4/wav/cen4-mtos-b.wav,M O R E W O O D,3.1
/home/jovyan/repos/asr_final_project/an4/train/an4/wav/cen4-mtxj-b.wav,S A Y B R O O K H A R B O R,4.6
/home/jovyan/repos/asr_final_project/an4/train/an4/wav/cen4-mwhw-b.wav,B U C K W H E A T,3.6
/home/jovyan/repos/asr_final_project/an4/train/an4/wav/cen5-fash-b.wav,P I T T S B U R G H,4.5
/home/jovyan/repos/asr_final_project/an4/train/an4/wav/cen5-fbbh-b.wav,G I B S O N I A,2.9
/home/jovyan/repos/asr_final_project/an4/train/an4/wav/cen5-fclc-b.wav,P I T T S B U R G H,4.3
/home/jovyan/repos/asr_final_project/an4/train/an4/wav/cen5-fejs-b.wav,P I T T S B U R G H,4.1
/home/jovyan/repos/asr_final_project/an4/train/an4/wav/cen5-ffmm-b.wav,P I T T S B U R G H,4.9
/home/jovyan/repos/asr_final_project/an4/train/an4/wav/cen5-fjam-b.wav,M C K E E S P O R T,3.7
/home/jovyan/repos/asr_final_project/an4/train/an4/wav/cen5-fjdn-b.wav,B E R K E L E Y,2.3
/home/jovyan/repos/asr_final_project/an4/train/an4/wav/cen5-fjmd-b.wav,W R I G H T S V I L L E,3.6
/home/jovyan/repos/asr_final_project/an4/train/an4/wav/cen5-fkai-b.wav,P I T T S B U R G H,3.1
/home/jovyan/repos/asr_final_project/an4/train/an4/wav/cen5-fkdo-b.wav,P I T T S B U R G H,4.0
/home/jovyan/repos/asr_final_project/an4/train/an4/wav/cen5-fmjc-b.wav,P I T T S B U R G H,2.9
/home/jovyan/repos/asr_final_project/an4/train/an4/wav/cen5-fmjd-b.wav,P I T T S B U R G H,4.2
/home/jovyan/repos/asr_final_project/an4/train/an4/wav/cen5-fnsv-b.wav,P I T T S B U R G H,5.2
/home/jovyan/repos/asr_final_project/an4/train/an4/wav/cen5-fplp-b.wav,P I T T S B U R G H,6.1
/home/jovyan/repos/asr_final_project/an4/train/an4/wav/cen5-fsaf2-b.wav,B R O N X V I L L E,3.9
/home/jovyan/repos/asr_final_project/an4/train/an4/wav/cen5-fsrb-b.wav,P I T T S B U R G H,5.1
/home/jovyan/repos/asr_final_project/an4/train/an4/wav/cen5-ftal-b.wav,P I T T S B U R G H,2.4
/home/jovyan/repos/asr_final_project/an4/train/an4/wav/cen5-ftmj-b.wav,S W I S S V A L E,4.2
/home/jovyan/repos/asr_final_project/an4/train/an4/wav/cen5-mblb-b.wav,W A T E R B U R Y,3.3
/home/jovyan/repos/asr_final_project/an4/train/an4/wav/cen5-mblw-b.wav,P G H,1.2
/home/jovyan/repos/asr_final_project/an4/train/an4/wav/cen5-mbmg-b.wav,D O W N I N G T O W N,3.9
/home/jovyan/repos/asr_final_project/an4/train/an4/wav/cen5-mcen-b.wav,P I T T S B U R G H,4.2
/home/jovyan/repos/asr_final_project/an4/train/an4/wav/cen5-mcfl-b.wav,N E W B U R Y,3.2
/home/jovyan/repos/asr_final_project/an4/train/an4/wav/cen5-mcrt-b.wav,P I T T S B U R G H,6.0
/home/jovyan/repos/asr_final_project/an4/train/an4/wav/cen5-mcsc-b.wav,P G H,1.4
/home/jovyan/repos/asr_final_project/an4/train/an4/wav/cen5-mdcs-b.wav,P I T T S B U R G H,2.8
/home/jovyan/repos/asr_final_project/an4/train/an4/wav/cen5-mdcs2-b.wav,P I T T S B U R G,2.7
/home/jovyan/repos/asr_final_project/an4/train/an4/wav/cen5-mdxn-b.wav,I T H A C A,2.1
/home/jovyan/repos/asr_final_project/an4/train/an4/wav/cen5-mdxs-b.wav,P I T T S B U R G H,5.1
/home/jovyan/repos/asr_final_project/an4/train/an4/wav/cen5-meab-b.wav,P I T T S B U R G H,4.3
/home/jovyan/repos/asr_final_project/an4/train/an4/wav/cen5-meht-b.wav,P I T T S B U R G H,3.0
/home/jovyan/repos/asr_final_project/an4/train/an4/wav/cen5-mema-b.wav,P G H,1.2
/home/jovyan/repos/asr_final_project/an4/train/an4/wav/cen5-mewl-b.wav,P I T T S B U R G H,3.7
/home/jovyan/repos/asr_final_project/an4/train/an4/wav/cen5-mfaa-b.wav,P I T T S B U R G H,3.3
/home/jovyan/repos/asr_final_project/an4/train/an4/wav/cen5-mgah-b.wav,P I T T S B U R G H,4.8
/home/jovyan/repos/asr_final_project/an4/train/an4/wav/cen5-mjbh-b.wav,P I T T S B U R G H,4.2
/home/jovyan/repos/asr_final_project/an4/train/an4/wav/cen5-mjdr-b.wav,P I T T S B U R G H,3.3
/home/jovyan/repos/asr_final_project/an4/train/an4/wav/cen5-mjes-b.wav,N E W Y O R K,2.4
/home/jovyan/repos/asr_final_project/an4/train/an4/wav/cen5-mjgk-b.wav,O APOSTROPHE H A R A,2.1
/home/jovyan/repos/asr_final_project/an4/train/an4/wav/cen5-mjhp-b.wav,P I T T S B U R G H,2.8
/home/jovyan/repos/asr_final_project/an4/train/an4/wav/cen5-mkem-b.wav,P I T T S B U R G H,4.0
/home/jovyan/repos/asr_final_project/an4/train/an4/wav/cen5-mmaf-b.wav,P I T T S B U R G H,3.5
/home/jovyan/repos/asr_final_project/an4/train/an4/wav/cen5-mmal-b.wav,P I T T S B U R G H,3.3
/home/jovyan/repos/asr_final_project/an4/train/an4/wav/cen5-mmap-b.wav,C R A F T O N,2.7
/home/jovyan/repos/asr_final_project/an4/train/an4/wav/cen5-mmdg-b.wav,P I T T S B U R G H,5.5
/home/jovyan/repos/asr_final_project/an4/train/an4/wav/cen5-mmkw-b.wav,M A U L D I N,4.3
/home/jovyan/repos/asr_final_project/an4/train/an4/wav/cen5-mmsh-b.wav,B R O O M A L L,2.2
/home/jovyan/repos/asr_final_project/an4/train/an4/wav/cen5-mmtm-b.wav,V E R O N A,2.4
/home/jovyan/repos/asr_final_project/an4/train/an4/wav/cen5-mnfe-b.wav,P I T T S B U R G H,5.4
/home/jovyan/repos/asr_final_project/an4/train/an4/wav/cen5-mnjl-b.wav,P I T T S B U R G H,3.2
/home/jovyan/repos/asr_final_project/an4/train/an4/wav/cen5-mrab-b.wav,Z E L I E N O P L E,2.7
/home/jovyan/repos/asr_final_project/an4/train/an4/wav/cen5-mrcb-b.wav,P I T T S B U R G H,3.5
/home/jovyan/repos/asr_final_project/an4/train/an4/wav/cen5-mrjc2-b.wav,P I T T S B U R G H,3.8
/home/jovyan/repos/asr_final_project/an4/train/an4/wav/cen5-mrmg-b.wav,P I T T S B U R G H,5.7
/home/jovyan/repos/asr_final_project/an4/train/an4/wav/cen5-msct-b.wav,P I T T S B U R G H,4.0
/home/jovyan/repos/asr_final_project/an4/train/an4/wav/cen5-msjm-b.wav,G L E N S H A W,2.9
/home/jovyan/repos/asr_final_project/an4/train/an4/wav/cen5-msjr-b.wav,V E R O N A,2.2
/home/jovyan/repos/asr_final_project/an4/train/an4/wav/cen5-mskh-b.wav,P I T T S B U R G H,3.9
/home/jovyan/repos/asr_final_project/an4/train/an4/wav/cen5-msmn-b.wav,P I T T S B U R G H,3.3
/home/jovyan/repos/asr_final_project/an4/train/an4/wav/cen5-msrb-b.wav,C A R N E G I E,3.6
/home/jovyan/repos/asr_final_project/an4/train/an4/wav/cen5-mtcv-b.wav,W A R R E N,2.9
/home/jovyan/repos/asr_final_project/an4/train/an4/wav/cen5-mtos-b.wav,P I T T S B U R G H,4.0
/home/jovyan/repos/asr_final_project/an4/train/an4/wav/cen5-mtxj-b.wav,B R A D F O R D W O O D S,4.3
/home/jovyan/repos/asr_final_project/an4/train/an4/wav/cen5-mwhw-b.wav,G I B S O N I A,3.1
/home/jovyan/repos/asr_final_project/an4/train/an4/wav/cen6-fbbh-b.wav,ONE FIVE OH FOUR FOUR,2.4
/home/jovyan/repos/asr_final_project/an4/train/an4/wav/cen6-fclc-b.wav,ONE FIVE TWO ONE SEVEN,2.1
/home/jovyan/repos/asr_final_project/an4/train/an4/wav/cen6-fejs-b.wav,ONE FIVE TWO TWO ONE,2.0
/home/jovyan/repos/asr_final_project/an4/train/an4/wav/cen6-ffmm-b.wav,ONE FIVE TWO ONE SEVEN,2.3
/home/jovyan/repos/asr_final_project/an4/train/an4/wav/cen6-fjam-b.wav,ONE FIVE ONE THREE THREE,2.9
/home/jovyan/repos/asr_final_project/an4/train/an4/wav/cen6-fjmd-b.wav,ONE SEVEN THREE SIX EIGHT,2.0
/home/jovyan/repos/asr_final_project/an4/train/an4/wav/cen6-fkai-b.wav,ONE FIVE TWO ONE SEVEN,1.8
/home/jovyan/repos/asr_final_project/an4/train/an4/wav/cen6-fkdo-b.wav,ONE FIVE TWO ONE OH,2.4
/home/jovyan/repos/asr_final_project/an4/train/an4/wav/cen6-flmm2-b.wav,ONE FIVE SIX SIX EIGHT,2.3
/home/jovyan/repos/asr_final_project/an4/train/an4/wav/cen6-flrp-b.wav,ONE FIVE TWO ONE THREE,2.2
/home/jovyan/repos/asr_final_project/an4/train/an4/wav/cen6-fmjc-b.wav,ONE FIVE TWO ONE SEVEN,1.8
/home/jovyan/repos/asr_final_project/an4/train/an4/wav/cen6-fmjd-b.wav,ONE FIVE TWO ONE SEVEN,2.1
/home/jovyan/repos/asr_final_project/an4/train/an4/wav/cen6-fnsv-b.wav,ONE FIVE TWO THREE TWO,2.6
/home/jovyan/repos/asr_final_project/an4/train/an4/wav/cen6-fplp-b.wav,ONE FIVE TWO TWO SEVEN,3.9
/home/jovyan/repos/asr_final_project/an4/train/an4/wav/cen6-fsaf2-b.wav,ONE OH SEVEN OH EIGHT,1.9
/home/jovyan/repos/asr_final_project/an4/train/an4/wav/cen6-fsrb-b.wav,ONE FIVE TWO FOUR ONE,2.2
/home/jovyan/repos/asr_final_project/an4/train/an4/wav/cen6-ftal-b.wav,ONE FIVE TWO THREE NINE,1.7
/home/jovyan/repos/asr_final_project/an4/train/an4/wav/cen6-ftmj-b.wav,ONE FIVE TWO ONE EIGHT,2.3
/home/jovyan/repos/asr_final_project/an4/train/an4/wav/cen6-fwxs-b.wav,ONE FIVE ONE FOUR THREE,3.1
/home/jovyan/repos/asr_final_project/an4/train/an4/wav/cen6-mblb-b.wav,OH SIX SEVEN OH EIGHT,1.7
/home/jovyan/repos/asr_final_project/an4/train/an4/wav/cen6-mblw-b.wav,ONE FIVE TWO ONE SEVEN,1.7
/home/jovyan/repos/asr_final_project/an4/train/an4/wav/cen6-mbmg-b.wav,ONE NINE THREE THREE FIVE,2.4
/home/jovyan/repos/asr_final_project/an4/train/an4/wav/cen6-mcel-b.wav,NINE FOUR OH EIGHT SIX,2.3
/home/jovyan/repos/asr_final_project/an4/train/an4/wav/cen6-mcen-b.wav,ONE FIVE TWO THREE TWO,2.0
/home/jovyan/repos/asr_final_project/an4/train/an4/wav/cen6-mcrt-b.wav,ONE FIVE TWO OH SIX,2.5
/home/jovyan/repos/asr_final_project/an4/train/an4/wav/cen6-mcsc-b.wav,ONE FIVE TWO TWO ONE,2.1
/home/jovyan/repos/asr_final_project/an4/train/an4/wav/cen6-mdcs-b.wav,ONE FIVE TWO ONE SEVEN,1.8
/home/jovyan/repos/asr_final_project/an4/train/an4/wav/cen6-mdcs2-b.wav,ONE FIVE TWO ONE SEVEN,1.8
/home/jovyan/repos/asr_final_project/an4/train/an4/wav/cen6-mdmc-b.wav,ONE FIVE TWO OH SIX,2.2
/home/jovyan/repos/asr_final_project/an4/train/an4/wav/cen6-mdxn-b.wav,ONE FOUR EIGHT FIVE OH,1.8
/home/jovyan/repos/asr_final_project/an4/train/an4/wav/cen6-mdxs-b.wav,ONE FIVE TWO ONE THREE,2.4
/home/jovyan/repos/asr_final_project/an4/train/an4/wav/cen6-meab-b.wav,ONE FIVE TWO TWO ONE,2.2
/home/jovyan/repos/asr_final_project/an4/train/an4/wav/cen6-meht-b.wav,ONE FIVE TWO ONE SEVEN,1.9
/home/jovyan/repos/asr_final_project/an4/train/an4/wav/cen6-mema-b.wav,ONE FIVE TWO TWO ONE,1.8
/home/jovyan/repos/asr_final_project/an4/train/an4/wav/cen6-mewl-b.wav,ONE FIVE TWO ONE THREE,2.0
/home/jovyan/repos/asr_final_project/an4/train/an4/wav/cen6-mfaa-b.wav,ONE FIVE TWO ONE SEVEN,1.8
/home/jovyan/repos/asr_final_project/an4/train/an4/wav/cen6-mgah-b.wav,ONE FIVE TWO ONE THREE,2.4
/home/jovyan/repos/asr_final_project/an4/train/an4/wav/cen6-mjbh-b.wav,ONE FIVE TWO ZERO SIX,2.0
/home/jovyan/repos/asr_final_project/an4/train/an4/wav/cen6-mjda-b.wav,ONE FIVE TWO TWO ONE,2.0
/home/jovyan/repos/asr_final_project/an4/train/an4/wav/cen6-mjdr-b.wav,ONE FIVE TWO ONE THREE,1.7
/home/jovyan/repos/asr_final_project/an4/train/an4/wav/cen6-mjes-b.wav,ONE OH OH TWO EIGHT,1.5
/home/jovyan/repos/asr_final_project/an4/train/an4/wav/cen6-mjgk-b.wav,ONE FIVE TWO THREE EIGHT,4.2
/home/jovyan/repos/asr_final_project/an4/train/an4/wav/cen6-mjjs2-b.wav,ONE FIVE TWO ZERO SEVEN,3.4
/home/jovyan/repos/asr_final_project/an4/train/an4/wav/cen6-mkdb-b.wav,ONE FIVE TWO ONE SEVEN,1.7
/home/jovyan/repos/asr_final_project/an4/train/an4/wav/cen6-mkem-b.wav,ONE FIVE TWO ONE THREE,2.1
/home/jovyan/repos/asr_final_project/an4/train/an4/wav/cen6-mmaf-b.wav,ONE FIVE TWO THREE TWO,2.1
/home/jovyan/repos/asr_final_project/an4/train/an4/wav/cen6-mmal-b.wav,ONE FIVE TWO ONE SEVEN,1.6
/home/jovyan/repos/asr_final_project/an4/train/an4/wav/cen6-mmap-b.wav,ONE FIVE TWO OH FIVE,1.9
/home/jovyan/repos/asr_final_project/an4/train/an4/wav/cen6-mmdg-b.wav,ONE FIVE TWO ONE SEVEN,3.1
/home/jovyan/repos/asr_final_project/an4/train/an4/wav/cen6-mmkw-b.wav,TWO NINE SIX SIX TWO,3.6
/home/jovyan/repos/asr_final_project/an4/train/an4/wav/cen6-mmtm-b.wav,ONE FIVE ONE FOUR SEVEN,2.3
/home/jovyan/repos/asr_final_project/an4/train/an4/wav/cen6-mnfe-b.wav,ONE FIVE TWO ONE THREE,2.9
/home/jovyan/repos/asr_final_project/an4/train/an4/wav/cen6-mnjl-b.wav,ONE FIVE TWO ONE THREE,2.1
/home/jovyan/repos/asr_final_project/an4/train/an4/wav/cen6-mrab-b.wav,ONE SIX OH SIX THREE,1.8
/home/jovyan/repos/asr_final_project/an4/train/an4/wav/cen6-mrcb-b.wav,ONE FIVE TWO ONE SEVEN,1.8
/home/jovyan/repos/asr_final_project/an4/train/an4/wav/cen6-mrjc2-b.wav,ONE FIVE TWO OH SIX,2.3
/home/jovyan/repos/asr_final_project/an4/train/an4/wav/cen6-mrmg-b.wav,ONE FIVE TWO TWO ONE,2.4
/home/jovyan/repos/asr_final_project/an4/train/an4/wav/cen6-mscg2-b.wav,ONE FIVE TWO TWO SIX,2.9
/home/jovyan/repos/asr_final_project/an4/train/an4/wav/cen6-msct-b.wav,ONE FIVE TWO ONE THREE,2.4
/home/jovyan/repos/asr_final_project/an4/train/an4/wav/cen6-msjm-b.wav,ONE FIVE ONE ONE SIX,2.5
/home/jovyan/repos/asr_final_project/an4/train/an4/wav/cen6-msjr-b.wav,ONE FIVE ONE FOUR SEVEN,2.1
/home/jovyan/repos/asr_final_project/an4/train/an4/wav/cen6-mskh-b.wav,ONE FIVE TWO THREE TWO,1.8
/home/jovyan/repos/asr_final_project/an4/train/an4/wav/cen6-msmn-b.wav,ONE FIVE TWO ONE SEVEN,1.8
/home/jovyan/repos/asr_final_project/an4/train/an4/wav/cen6-msrb-b.wav,ONE FIVE ONE OH SIX,2.3
/home/jovyan/repos/asr_final_project/an4/train/an4/wav/cen6-mtcv-b.wav,FOUR FOUR FOUR EIGHT FOUR,2.4
/home/jovyan/repos/asr_final_project/an4/train/an4/wav/cen6-mtje-b.wav,ONE FIVE TWO THREE TWO,2.2
/home/jovyan/repos/asr_final_project/an4/train/an4/wav/cen6-mtos-b.wav,ONE FIVE TWO ONE THREE,2.1
/home/jovyan/repos/asr_final_project/an4/train/an4/wav/cen6-mtxj-b.wav,ONE FIVE OH ONE FIVE,1.8
/home/jovyan/repos/asr_final_project/an4/train/an4/wav/cen6-mwhw-b.wav,ONE FIVE OH FOUR FOUR,2.2
/home/jovyan/repos/asr_final_project/an4/train/an4/wav/cen7-fash-b.wav,TWO SIX EIGHT FOUR FOUR ONE EIGHT,2.5
/home/jovyan/repos/asr_final_project/an4/train/an4/wav/cen7-fbbh-b.wav,FOUR FOUR THREE SIX THREE ONE TWO,3.1
/home/jovyan/repos/asr_final_project/an4/train/an4/wav/cen7-fclc-b.wav,SIX EIGHT SEVEN FIVE EIGHT OH EIGHT,3.0
/home/jovyan/repos/asr_final_project/an4/train/an4/wav/cen7-fejs-b.wav,TWO SIX EIGHT THREE EIGHT ZERO TWO,3.0
/home/jovyan/repos/asr_final_project/an4/train/an4/wav/cen7-ffmm-b.wav,FOUR ONE TWO FOUR TWO ONE EIGHT EIGHT NINE SIX,4.9
/home/jovyan/repos/asr_final_project/an4/train/an4/wav/cen7-fjam-b.wav,SIX SIX FOUR SEVEN TWO NINE THREE,2.4
/home/jovyan/repos/asr_final_project/an4/train/an4/wav/cen7-fjdn-b.wav,TWO OH ONE FOUR SIX FOUR SIX OH EIGHT THREE,2.6
/home/jovyan/repos/asr_final_project/an4/train/an4/wav/cen7-fjmd-b.wav,TWO FIVE TWO TWO OH TWO NINE,2.2
/home/jovyan/repos/asr_final_project/an4/train/an4/wav/cen7-fkai-b.wav,FOUR FOUR FOUR SEVEN,1.6
/home/jovyan/repos/asr_final_project/an4/train/an4/wav/cen7-fkdo-b.wav,EIGHT EIGHT TWO EIGHT ONE OH TWO,3.6
/home/jovyan/repos/asr_final_project/an4/train/an4/wav/cen7-flmm2-b.wav,THREE TWO SEVEN ONE SIX NINE FIVE,2.9
/home/jovyan/repos/asr_final_project/an4/train/an4/wav/cen7-flrp-b.wav,TWO SIX EIGHT FIVE NINE FIVE TWO,2.5
/home/jovyan/repos/asr_final_project/an4/train/an4/wav/cen7-fmjc-b.wav,FOUR TWO ONE OH FOUR FIVE ONE,2.5
/home/jovyan/repos/asr_final_project/an4/train/an4/wav/cen7-fmjd-b.wav,FOUR TWO ONE OH ONE NINE SIX,3.0
/home/jovyan/repos/asr_final_project/an4/train/an4/wav/cen7-fnsv-b.wav,SIX SIX ONE FIVE ZERO SIX FOUR,3.9
/home/jovyan/repos/asr_final_project/an4/train/an4/wav/cen7-fplp-b.wav,EIGHT EIGHT FOUR ONE ZERO FIVE SEVEN,5.5
/home/jovyan/repos/asr_final_project/an4/train/an4/wav/cen7-fsaf2-b.wav,NINE ONE FOUR THREE THREE SEVEN ONE EIGHT SIX NINE,3.8
/home/jovyan/repos/asr_final_project/an4/train/an4/wav/cen7-fsrb-b.wav,FOUR ONE TWO EIGHT THREE ONE NINE FIVE ONE THREE,4.8
/home/jovyan/repos/asr_final_project/an4/train/an4/wav/cen7-ftal-b.wav,TWO SIX EIGHT THREE ZERO TWO SEVEN,2.4
/home/jovyan/repos/asr_final_project/an4/train/an4/wav/cen7-ftmj-b.wav,TWO SEVEN ONE ZERO EIGHT TWO SIX,3.4
/home/jovyan/repos/asr_final_project/an4/train/an4/wav/cen7-fwxs-b.wav,SEVEN FOUR ONE OH FIVE NINE TWO,4.2
/home/jovyan/repos/asr_final_project/an4/train/an4/wav/cen7-mblb-b.wav,TWO OH THREE SEVEN FIVE SEVEN EIGHT EIGHT NINE NINE,3.8
/home/jovyan/repos/asr_final_project/an4/train/an4/wav/cen7-mblw-b.wav,FOUR TWO TWO OH EIGHT ONE SIX,2.5
/home/jovyan/repos/asr_final_project/an4/train/an4/wav/cen7-mbmg-b.wav,TWO ONE FIVE FOUR FIVE EIGHT FIVE FOUR SIX NINE,4.0
/home/jovyan/repos/asr_final_project/an4/train/an4/wav/cen7-mcen-b.wav,FIVE TWO ONE SIXTY FIFTY FIVE,2.9
/home/jovyan/repos/asr_final_project/an4/train/an4/wav/cen7-mcfl-b.wav,SIX FOUR FIVE THREE THREE SIX FOUR,3.7
/home/jovyan/repos/asr_final_project/an4/train/an4/wav/cen7-mcrt-b.wav,THREE SIX THREE OH NINE SIX TWO,3.6
/home/jovyan/repos/asr_final_project/an4/train/an4/wav/cen7-mcsc-b.wav,SEVEN THREE ONE ONE THREE THREE EIGHT,3.2
/home/jovyan/repos/asr_final_project/an4/train/an4/wav/cen7-mdcs-b.wav,FOUR ONE TWO FOUR TWO TWO THREE FIVE SEVEN EIGHT,3.5
/home/jovyan/repos/asr_final_project/an4/train/an4/wav/cen7-mdcs2-b.wav,FOUR TWO ONE SIX TWO EIGHT THREE,2.1
/home/jovyan/repos/asr_final_project/an4/train/an4/wav/cen7-mdmc-b.wav,THREE SIX ONE ZERO ONE FIVE FIVE,3.3
/home/jovyan/repos/asr_final_project/an4/train/an4/wav/cen7-mdxn-b.wav,TWO SIX EIGHT FOUR ONE SIX ONE,2.7
/home/jovyan/repos/asr_final_project/an4/train/an4/wav/cen7-mdxs-b.wav,FOUR ONE TWO SIX EIGHT SEVEN EIGHT EIGHT SEVEN ONE,4.2
/home/jovyan/repos/asr_final_project/an4/train/an4/wav/cen7-meab-b.wav,FOUR ONE TWO TWO FOUR TWO SIX SIX TWO SIX,4.4
/home/jovyan/repos/asr_final_project/an4/train/an4/wav/cen7-meht-b.wav,FOUR ONE TWO FIVE TWO ONE TWO EIGHT TWO FOUR,3.3
/home/jovyan/repos/asr_final_project/an4/train/an4/wav/cen7-mema-b.wav,TWO FOUR THREE EIGHT THREE TWO EIGHT,2.4
/home/jovyan/repos/asr_final_project/an4/train/an4/wav/cen7-mewl-b.wav,TWO SIX EIGHT FOUR SIX FIVE EIGHT,2.6
/home/jovyan/repos/asr_final_project/an4/train/an4/wav/cen7-mfaa-b.wav,FIVE TWO ONE OH TWO SIX EIGHT,2.4
/home/jovyan/repos/asr_final_project/an4/train/an4/wav/cen7-mgah-b.wav,SIX EIGHT THREE FIVE ZERO FOUR ONE,3.7
/home/jovyan/repos/asr_final_project/an4/train/an4/wav/cen7-mjbh-b.wav,TWO SIX EIGHT THREE ZERO SIX SIX,2.4
/home/jovyan/repos/asr_final_project/an4/train/an4/wav/cen7-mjdr-b.wav,FOUR ONE TWO SIX EIGHT ONE ONE EIGHT FOUR TWO,2.9
/home/jovyan/repos/asr_final_project/an4/train/an4/wav/cen7-mjes-b.wav,TWO ONE TWO FIVE SEVEN OH TWO SEVEN EIGHT FOUR,3.4
/home/jovyan/repos/asr_final_project/an4/train/an4/wav/cen7-mjgk-b.wav,FOUR TWO TWO TWO OH EIGHT NINE,2.1
/home/jovyan/repos/asr_final_project/an4/train/an4/wav/cen7-mjhp-b.wav,FOUR ONE TWO FIVE TWO ONE EIGHT TWO SIX OH,3.3
/home/jovyan/repos/asr_final_project/an4/train/an4/wav/cen7-mjjs2-b.wav,FOUR TWO TWO ZERO SEVEN NINE ONE,4.3
/home/jovyan/repos/asr_final_project/an4/train/an4/wav/cen7-mkdb-b.wav,FIVE TWO ONE FOUR NINE FIVE FOUR,2.5
/home/jovyan/repos/asr_final_project/an4/train/an4/wav/cen7-mkem-b.wav,THREE OH EIGHT FIVE,1.7
/home/jovyan/repos/asr_final_project/an4/train/an4/wav/cen7-mmaf-b.wav,FOUR FOUR ONE ONE SEVEN TWO FOUR,2.9
/home/jovyan/repos/asr_final_project/an4/train/an4/wav/cen7-mmal-b.wav,SIX EIGHT ONE SEVEN SEVEN FIVE TWO,2.8
/home/jovyan/repos/asr_final_project/an4/train/an4/wav/cen7-mmap-b.wav,NINE TWO TWO SEVEN TWO TWO ZERO,2.9
/home/jovyan/repos/asr_final_project/an4/train/an4/wav/cen7-mmdg-b.wav,FOUR ONE TWO FIVE TWO ONE FIVE THREE THREE NINE,5.4
/home/jovyan/repos/asr_final_project/an4/train/an4/wav/cen7-mmtm-b.wav,SEVEN NINE THREE FIVE FOUR TWO NINE,3.3
/home/jovyan/repos/asr_final_project/an4/train/an4/wav/cen7-mnfe-b.wav,TWO SIX EIGHT FIVE FIVE TWO FOUR,4.0
/home/jovyan/repos/asr_final_project/an4/train/an4/wav/cen7-mnjl-b.wav,FOUR ONE TWO TWO SIX EIGHT FOUR FOUR SEVEN FOUR,3.8
/home/jovyan/repos/asr_final_project/an4/train/an4/wav/cen7-mrab-b.wav,FOUR FIVE TWO EIGHT FIVE ONE EIGHT,2.2
/home/jovyan/repos/asr_final_project/an4/train/an4/wav/cen7-mrcb-b.wav,AREA CODE FOUR ONE TWO FOUR TWO TWO ONE TWO TWO FIVE,4.4
/home/jovyan/repos/asr_final_project/an4/train/an4/wav/cen7-mrjc2-b.wav,SIX SIX FIVE NINE SIX SIX FIVE,3.3
/home/jovyan/repos/asr_final_project/an4/train/an4/wav/cen7-mrmg-b.wav,TWO FOUR TWO TWO NINE ONE TWO,3.4
/home/jovyan/repos/asr_final_project/an4/train/an4/wav/cen7-mscg2-b.wav,TWO SIX EIGHT FOUR SIX SEVEN EIGHT,3.9
/home/jovyan/repos/asr_final_project/an4/train/an4/wav/cen7-msct-b.wav,SIX EIGHT THREE THREE SEVEN EIGHT ZERO,3.2
/home/jovyan/repos/asr_final_project/an4/train/an4/wav/cen7-msjm-b.wav,FOUR EIGHT SIX THREE NINE FIVE OH,2.7
/home/jovyan/repos/asr_final_project/an4/train/an4/wav/cen7-msjr-b.wav,EIGHT TWO SIX EIGHT SIX EIGHT SEVEN,2.8
/home/jovyan/repos/asr_final_project/an4/train/an4/wav/cen7-mskh-b.wav,SIX SIX ONE NINE EIGHT EIGHT FOUR,3.0
/home/jovyan/repos/asr_final_project/an4/train/an4/wav/cen7-msrb-b.wav,TWO SEVEN NINE TWO THREE TWO FOUR,3.7
/home/jovyan/repos/asr_final_project/an4/train/an4/wav/cen7-mtcv-b.wav,EIGHT FIVE SIX ONE FOUR NINE ZERO,3.5
/home/jovyan/repos/asr_final_project/an4/train/an4/wav/cen7-mtos-b.wav,FOUR EIGHT FOUR TWO,1.7
/home/jovyan/repos/asr_final_project/an4/train/an4/wav/cen7-mtxj-b.wav,NINE THREE FIVE OH SIX NINE TWO,2.5
/home/jovyan/repos/asr_final_project/an4/train/an4/wav/cen7-mwhw-b.wav,SIX TWO FIVE ONE FIVE SIX FOUR,2.9
/home/jovyan/repos/asr_final_project/an4/train/an4/wav/cen8-fbbh-b.wav,MARCH THIRD NINETEEN TWENTY EIGHT,2.8
/home/jovyan/repos/asr_final_project/an4/train/an4/wav/cen8-fclc-b.wav,JUNE ELEVENTH NINETEEN SIXTY SEVEN,2.7
/home/jovyan/repos/asr_final_project/an4/train/an4/wav/cen8-fejs-b.wav,TWO FIFTEEN SIXTY TWO,2.2
/home/jovyan/repos/asr_final_project/an4/train/an4/wav/cen8-ffmm-b.wav,SEPTEMBER FIFTEENTH NINETEEN SIXTY FIVE,3.5
/home/jovyan/repos/asr_final_project/an4/train/an4/wav/cen8-fjam-b.wav,MAY TWENTY FIRST NINETEEN SIXTY,2.1
/home/jovyan/repos/asr_final_project/an4/train/an4/wav/cen8-fjmd-b.wav,ELEVEN NINE SIXTY EIGHT,2.2
/home/jovyan/repos/asr_final_project/an4/train/an4/wav/cen8-fkai-b.wav,OCTOBER FIRST NINETEEN SIXTY NINE,2.2
/home/jovyan/repos/asr_final_project/an4/train/an4/wav/cen8-fkdo-b.wav,FIVE TWENTY SIX FORTY FIVE,2.6
/home/jovyan/repos/asr_final_project/an4/train/an4/wav/cen8-flmm2-b.wav,THIRTY ONE J A N U A R Y ONE NINE SEVEN ZERO,5.8
/home/jovyan/repos/asr_final_project/an4/train/an4/wav/cen8-flrp-b.wav,THREE TWENTY SEVEN SIXTY EIGHT,2.2
/home/jovyan/repos/asr_final_project/an4/train/an4/wav/cen8-fmjc-b.wav,NINE TWENTY THREE SIXTY THREE,2.6
/home/jovyan/repos/asr_final_project/an4/train/an4/wav/cen8-fmjd-b.wav,SEVEN FOURTEEN SIXTY ONE,2.5
/home/jovyan/repos/asr_final_project/an4/train/an4/wav/cen8-fnsv-b.wav,JANUARY FIFTEENTH NINETEEN SIXTY THREE,3.4
/home/jovyan/repos/asr_final_project/an4/train/an4/wav/cen8-fplp-b.wav,SIX SEVENTEEN THIRTY SIX,3.9
/home/jovyan/repos/asr_final_project/an4/train/an4/wav/cen8-fsaf2-b.wav,FIVE SIXTEEN SIXTY NINE,2.0
/home/jovyan/repos/asr_final_project/an4/train/an4/wav/cen8-fsrb-b.wav,DECEMBER EIGHTEENTH NINETEEN FORTY FOUR,3.0
/home/jovyan/repos/asr_final_project/an4/train/an4/wav/cen8-ftmj-b.wav,JULY THIRTIETH NINETEEN SIXTY FIVE,2.9
/home/jovyan/repos/asr_final_project/an4/train/an4/wav/cen8-mblb-b.wav,JULY TWELFTH NINETEEN SIXTY NINE,2.1
/home/jovyan/repos/asr_final_project/an4/train/an4/wav/cen8-mbmg-b.wav,SEPTEMBER TWENTY SEVENTH NINETEEN SIXTY SEVEN,3.3
/home/jovyan/repos/asr_final_project/an4/train/an4/wav/cen8-mcel-b.wav,TWELVE NINE OF SIXTY,2.4
/home/jovyan/repos/asr_final_project/an4/train/an4/wav/cen8-mcen-b.wav,THREE FOURTEEN SIXTY SEVEN,2.6
/home/jovyan/repos/asr_final_project/an4/train/an4/wav/cen8-mcfl-b.wav,EIGHT FOURTEEN SIXTY FOUR,2.6
/home/jovyan/repos/asr_final_project/an4/train/an4/wav/cen8-mcrt-b.wav,SEVEN MAY NINETEEN FORTY FOUR,3.2
/home/jovyan/repos/asr_final_project/an4/train/an4/wav/cen8-mcsc-b.wav,THREE TWELVE FIFTY EIGHT,2.5
/home/jovyan/repos/asr_final_project/an4/train/an4/wav/cen8-mdcs-b.wav,AUGUST SIXTEENTH NINETEEN SIXTY FIVE,2.6
/home/jovyan/repos/asr_final_project/an4/train/an4/wav/cen8-mdxn-b.wav,SEVEN FIFTEEN NINETEEN SEVENTY,2.7
/home/jovyan/repos/asr_final_project/an4/train/an4/wav/cen8-meab-b.wav,SIX SIXTEEN SIXTY,3.1
/home/jovyan/repos/asr_final_project/an4/train/an4/wav/cen8-meht-b.wav,FOUR SEVEN SIXTY FOUR,2.0
/home/jovyan/repos/asr_final_project/an4/train/an4/wav/cen8-mema-b.wav,F E B ONE EIGHT ONE NINE SIX FOUR,3.5
/home/jovyan/repos/asr_final_project/an4/train/an4/wav/cen8-mewl-b.wav,TWELVE FOUR SIXTY SEVEN,3.3
/home/jovyan/repos/asr_final_project/an4/train/an4/wav/cen8-mfaa-b.wav,TEN THIRTY ONE FIFTY EIGHT,2.0
/home/jovyan/repos/asr_final_project/an4/train/an4/wav/cen8-mgah-b.wav,AUGUST TWENTY SECOND NINETEEN SIXTY ONE,3.5
/home/jovyan/repos/asr_final_project/an4/train/an4/wav/cen8-mjbh-b.wav,SEVEN TWENTY NINE FIFTY EIGHT,2.2
/home/jovyan/repos/asr_final_project/an4/train/an4/wav/cen8-mjda-b.wav,JANUARY TWELFTH NINETEEN SIXTY SIX,2.9
/home/jovyan/repos/asr_final_project/an4/train/an4/wav/cen8-mjdr-b.wav,OH SIX OH SEVEN SIX SIX,2.3
/home/jovyan/repos/asr_final_project/an4/train/an4/wav/cen8-mjes-b.wav,AUGUST TWENTY SECOND NINETEEN SIXTY NINE,2.5
/home/jovyan/repos/asr_final_project/an4/train/an4/wav/cen8-mjgk-b.wav,JUNE TWENTY THIRD NINETEEN SIXTY NINE,2.1
/home/jovyan/repos/asr_final_project/an4/train/an4/wav/cen8-mjhp-b.wav,SEVEN SEVENTEEN FIFTY SEVEN,2.3
/home/jovyan/repos/asr_final_project/an4/train/an4/wav/cen8-mjjs2-b.wav,FEBRUARY EIGHTH NINETEEN FIFTY TWO,4.2
/home/jovyan/repos/asr_final_project/an4/train/an4/wav/cen8-mkdb-b.wav,MARCH TWENTY FIFTH NINETEEN SIXTY SEVEN,2.5
/home/jovyan/repos/asr_final_project/an4/train/an4/wav/cen8-mkem-b.wav,MAY NINTH SIXTY TWO,2.6
/home/jovyan/repos/asr_final_project/an4/train/an4/wav/cen8-mmaf-b.wav,SEPTEMBER SIXTH NINETEEN SIXTY SEVEN,3.2
/home/jovyan/repos/asr_final_project/an4/train/an4/wav/cen8-mmal-b.wav,TEN TWELVE SIXTY SEVEN,1.8
/home/jovyan/repos/asr_final_project/an4/train/an4/wav/cen8-mmdg-b.wav,TWO TWENTY FOUR FORTY NINE,3.0
/home/jovyan/repos/asr_final_project/an4/train/an4/wav/cen8-mmkw-b.wav,EIGHTEEN FEBRUARY NINETEEN SEVENTY,3.6
/home/jovyan/repos/asr_final_project/an4/train/an4/wav/cen8-mmsh-b.wav,APRIL THIRTIETH NINETEEN SIXTY NINE,2.2
/home/jovyan/repos/asr_final_project/an4/train/an4/wav/cen8-mmtm-b.wav,AUGUST TWENTY FOURTH NINETEEN FIFTY TWO,2.8
/home/jovyan/repos/asr_final_project/an4/train/an4/wav/cen8-mnfe-b.wav,FOUR TWENTY EIGHT SEVENTY ONE,2.3
/home/jovyan/repos/asr_final_project/an4/train/an4/wav/cen8-mnjl-b.wav,TWELVE NINETEEN SIXTY NINE,2.6
/home/jovyan/repos/asr_final_project/an4/train/an4/wav/cen8-mrab-b.wav,THREE TWENTY EIGHT SIXTY ONE,2.0
/home/jovyan/repos/asr_final_project/an4/train/an4/wav/cen8-mrcb-b.wav,OCTOBER THIRTIETH NINETEEN SIXTY ONE,2.8
/home/jovyan/repos/asr_final_project/an4/train/an4/wav/cen8-mrjc2-b.wav,FIVE TWO FIVE FIVE FIVE,3.5
/home/jovyan/repos/asr_final_project/an4/train/an4/wav/cen8-mrmg-b.wav,ONE SEVEN FORTY SEVEN,2.2
/home/jovyan/repos/asr_final_project/an4/train/an4/wav/cen8-mscg2-b.wav,THREE ELEVEN SIXTY SEVEN,3.1
/home/jovyan/repos/asr_final_project/an4/train/an4/wav/cen8-msct-b.wav,NINE THIRTY SIXTY FIVE,2.3
/home/jovyan/repos/asr_final_project/an4/train/an4/wav/cen8-msjm-b.wav,TWELVE TWENTY FOUR SIXTY EIGHT,2.2
/home/jovyan/repos/asr_final_project/an4/train/an4/wav/cen8-msjr-b.wav,ONE THIRTY ONE SIXTY THREE,2.4
/home/jovyan/repos/asr_final_project/an4/train/an4/wav/cen8-mskh-b.wav,SIX TWENTY SIX SIXTY THREE,2.6
/home/jovyan/repos/asr_final_project/an4/train/an4/wav/cen8-msmn-b.wav,S E P T E M B E R ONE TWO ONE NINE FIVE NINE,5.9
/home/jovyan/repos/asr_final_project/an4/train/an4/wav/cen8-msrb-b.wav,SIX THREE SIXTY EIGHT,2.2
/home/jovyan/repos/asr_final_project/an4/train/an4/wav/cen8-mtcv-b.wav,ONE TWO SEVEN SIX THREE,2.9
/home/jovyan/repos/asr_final_project/an4/train/an4/wav/cen8-mtje-b.wav,TEN TWENTY EIGHT SIXTY NINE,2.0
/home/jovyan/repos/asr_final_project/an4/train/an4/wav/cen8-mtos-b.wav,TWELVE TEN SIXTY NINE,2.1
/home/jovyan/repos/asr_final_project/an4/train/an4/wav/cen8-mtxj-b.wav,OCTOBER TWENTY THIRD NINETEEN SIXTY SEVEN,2.7
/home/jovyan/repos/asr_final_project/an4/train/an4/wav/cen8-mwhw-b.wav,ELEVEN SEVENTEEN FIFTY ONE,2.2
